-- phpMyAdmin SQL Dump
-- version 5.1.0
-- https://www.phpmyadmin.net/
--
-- Host: 127.0.0.1
-- Generation Time: Jul 17, 2021 at 06:58 AM
-- Server version: 10.4.19-MariaDB
-- PHP Version: 7.3.28

SET SQL_MODE = "NO_AUTO_VALUE_ON_ZERO";
START TRANSACTION;
SET time_zone = "+00:00";


/*!40101 SET @OLD_CHARACTER_SET_CLIENT=@@CHARACTER_SET_CLIENT */;
/*!40101 SET @OLD_CHARACTER_SET_RESULTS=@@CHARACTER_SET_RESULTS */;
/*!40101 SET @OLD_COLLATION_CONNECTION=@@COLLATION_CONNECTION */;
/*!40101 SET NAMES utf8mb4 */;

--
-- Database: `sebzoolicas`
--

-- --------------------------------------------------------

--
-- Table structure for table `addons`
--

CREATE TABLE `addons` (
  `id` int(11) NOT NULL,
  `name` varchar(255) NOT NULL,
  `unique_identifier` varchar(255) NOT NULL,
  `version` varchar(255) DEFAULT NULL,
  `status` int(11) NOT NULL,
  `created_at` int(11) DEFAULT NULL,
  `updated_at` int(11) DEFAULT NULL,
  `about` longtext DEFAULT NULL,
  `purchase_code` varchar(255) DEFAULT NULL
) ENGINE=InnoDB DEFAULT CHARSET=utf8;

-- --------------------------------------------------------

--
-- Table structure for table `applications`
--

CREATE TABLE `applications` (
  `id` int(11) UNSIGNED NOT NULL,
  `user_id` int(11) DEFAULT NULL,
  `address` longtext DEFAULT NULL,
  `phone` varchar(255) DEFAULT NULL,
  `message` longtext DEFAULT NULL,
  `document` varchar(255) DEFAULT NULL,
  `status` int(11) DEFAULT 0
) ENGINE=InnoDB DEFAULT CHARSET=utf8;

--
-- Dumping data for table `applications`
--

INSERT INTO `applications` (`id`, `user_id`, `address`, `phone`, `message`, `document`, `status`) VALUES
(1, 2, 'ປນ.ດົງໂດກ\r\nປນ.ທ່າງ່ອນ', '2091826096', 'sdfsdf', 'd9ICF5uKzBHjhTA.jpg', 1),
(2, 3, 'ປນ.ດົງໂດກ', '2091826096', 'hi i need to instructor', 'vjbOlf3w42qdY6m.pdf', 1);

-- --------------------------------------------------------

--
-- Table structure for table `category`
--

CREATE TABLE `category` (
  `id` int(11) UNSIGNED NOT NULL,
  `code` varchar(255) COLLATE utf8_unicode_ci DEFAULT NULL,
  `name` varchar(255) COLLATE utf8_unicode_ci DEFAULT NULL,
  `parent` int(11) DEFAULT 0,
  `slug` varchar(255) COLLATE utf8_unicode_ci DEFAULT NULL,
  `date_added` int(11) DEFAULT NULL,
  `last_modified` int(11) DEFAULT NULL,
  `font_awesome_class` varchar(255) COLLATE utf8_unicode_ci DEFAULT NULL,
  `thumbnail` varchar(255) COLLATE utf8_unicode_ci DEFAULT NULL
) ENGINE=InnoDB DEFAULT CHARSET=utf8 COLLATE=utf8_unicode_ci;

--
-- Dumping data for table `category`
--

INSERT INTO `category` (`id`, `code`, `name`, `parent`, `slug`, `date_added`, `last_modified`, `font_awesome_class`, `thumbnail`) VALUES
(1, '02e3aa0446', 'Development', 0, 'development', 1625695200, 1625868000, 'fas fa-laptop', '0085647780eac29512113b8dedae6672.jpg'),
(2, '501776beb3', 'Web Development', 1, 'web-development', 1625695200, 1625868000, NULL, NULL),
(3, '3042c0f7dc', 'Business', 0, 'business', 1625868000, 1625868000, 'fas fa-briefcase', '1df74531ff61c3e8623418fb681835c0.jpg'),
(4, '1670855167', 'Finance &amp; Accounting', 0, 'finance-amp-accounting', 1625868000, NULL, 'far fa-user-circle', 'ae779995990630e65ed829d622f996aa.jpg'),
(5, '33eeee0c21', 'It &amp; Software', 0, 'it-amp-software', 1625868000, NULL, 'fas fa-transgender', 'd465144d4a5f133b8adee81a7dce1ca2.jpg'),
(6, '6e279be033', 'Office Productivity', 0, 'office-productivity', 1625868000, NULL, 'far fa-building', 'add4d6a29fccbc0332f566653d45e903.jpg'),
(7, 'e9978fa9ab', 'Personal Development', 0, 'personal-development', 1625868000, NULL, 'fas fa-tablet', '8def589c15783a2ec40081c7f9861915.jpg'),
(8, '315c391c1f', 'Design', 0, 'design', 1625868000, NULL, 'fas fa-crop', 'd538da985c0a0a7a0d49d22eb059058e.jpg'),
(9, '723b6334e0', 'Marketing', 0, 'marketing', 1625868000, NULL, 'fas fa-glass-martini', 'category-thumbnail.png'),
(10, 'da45cd948f', 'Lifestyle', 0, 'lifestyle', 1625868000, NULL, 'fab fa-500px', 'category-thumbnail.png'),
(11, '16ce3f4c9c', 'Photography  &amp; Video', 0, 'photography-amp-video', 1625868000, NULL, 'fas fa-video', 'category-thumbnail.png'),
(12, 'f4db91c3e1', 'Health &amp; Fitness', 0, 'health-amp-fitness', 1625868000, NULL, 'fas fa-ambulance', 'category-thumbnail.png'),
(13, '033465bde8', 'Music', 0, 'music', 1625868000, NULL, 'fas fa-music', 'category-thumbnail.png'),
(14, '988f0d8467', 'Teaching &amp; Academics', 0, 'teaching-amp-academics', 1625868000, NULL, 'fas fa-coffee', 'category-thumbnail.png'),
(15, '47f6308afd', 'Mobile Development', 1, 'mobile-development', 1625868000, 1625868000, NULL, NULL),
(16, 'c9438b80a0', 'Datasine Development', 1, 'datasine-development', 1625868000, NULL, NULL, NULL),
(17, '60cf5ca1d6', 'Start Business', 3, 'start-business', 1625868000, NULL, NULL, NULL),
(18, 'd55482abd3', 'Managentment ', 3, 'managentment', 1625868000, NULL, NULL, NULL),
(20, 'c9488634b3', 'Finance', 4, 'finance', 1625868000, NULL, NULL, NULL),
(21, '63570e6126', 'Nexwork', 5, 'nexwork', 1625868000, NULL, NULL, NULL),
(22, '4e1fb4a363', 'Operating', 5, 'operating', 1625868000, NULL, NULL, NULL),
(23, '7d84c9abca', 'Microsoft', 6, 'microsoft', 1625868000, NULL, NULL, NULL),
(24, 'dbf96733a0', 'Aple', 6, 'aple', 1625868000, NULL, NULL, NULL),
(25, '085dbc2172', 'Goodgle', 6, 'goodgle', 1625868000, NULL, NULL, NULL);

-- --------------------------------------------------------

--
-- Table structure for table `ci_sessions`
--

CREATE TABLE `ci_sessions` (
  `id` varchar(40) COLLATE utf8_unicode_ci NOT NULL,
  `ip_address` varchar(45) COLLATE utf8_unicode_ci NOT NULL,
  `timestamp` int(10) UNSIGNED NOT NULL DEFAULT 0,
  `data` blob NOT NULL
) ENGINE=InnoDB DEFAULT CHARSET=utf8 COLLATE=utf8_unicode_ci;

--
-- Dumping data for table `ci_sessions`
--

INSERT INTO `ci_sessions` (`id`, `ip_address`, `timestamp`, `data`) VALUES
('qatqivskaht1til0kjt037od65ouf3j2', '::1', 1625920446, 0x5f5f63695f6c6173745f726567656e65726174657c693a313632353932303434363b636172745f6974656d737c613a303a7b7d6c616e67756167657c733a373a22656e676c697368223b757365725f69647c733a313a2231223b726f6c655f69647c733a313a2231223b726f6c657c733a353a2241646d696e223b6e616d657c733a31313a226e756a737561206861776a223b69735f696e7374727563746f727c733a313a2230223b61646d696e5f6c6f67696e7c733a313a2231223b),
('8lmqm361n0jff601utghgu0sufe5r9g6', '::1', 1625838094, 0x5f5f63695f6c6173745f726567656e65726174657c693a313632353833383039343b636172745f6974656d737c613a303a7b7d6c616e67756167657c733a333a226c616f223b746f74616c5f70726963655f6f665f636865636b696e675f6f75747c693a33343434343b6c61796f75747c733a343a226c697374223b),
('hnk56vcercmj3bj1buml51urcoosk4mr', '::1', 1625838079, 0x5f5f63695f6c6173745f726567656e65726174657c693a313632353833383037393b636172745f6974656d737c613a303a7b7d6c616e67756167657c733a373a22656e676c697368223b6c61796f75747c733a343a226c697374223b746f74616c5f70726963655f6f665f636865636b696e675f6f75747c693a303b757365725f69647c733a313a2231223b726f6c655f69647c733a313a2231223b726f6c657c733a353a2241646d696e223b6e616d657c733a31313a226e756a737561206861776a223b69735f696e7374727563746f727c733a313a2230223b61646d696e5f6c6f67696e7c733a313a2231223b),
('54rte6vp0hu433ud3rbmtf5dhi68rf4c', '::1', 1625841700, 0x5f5f63695f6c6173745f726567656e65726174657c693a313632353834313730303b636172745f6974656d737c613a303a7b7d6c616e67756167657c733a373a22656e676c697368223b6c61796f75747c733a343a226c697374223b746f74616c5f70726963655f6f665f636865636b696e675f6f75747c693a303b757365725f69647c733a313a2231223b726f6c655f69647c733a313a2231223b726f6c657c733a353a2241646d696e223b6e616d657c733a31313a226e756a737561206861776a223b69735f696e7374727563746f727c733a313a2230223b61646d696e5f6c6f67696e7c733a313a2231223b),
('u0go65np1gkbgoqb9manm02sp7gl2l53', '::1', 1625838725, 0x5f5f63695f6c6173745f726567656e65726174657c693a313632353833383732353b636172745f6974656d737c613a303a7b7d6c616e67756167657c733a333a226c616f223b746f74616c5f70726963655f6f665f636865636b696e675f6f75747c693a33343434343b6c61796f75747c733a343a226c697374223b757365725f69647c733a313a2232223b726f6c655f69647c733a313a2232223b726f6c657c733a343a2255736572223b6e616d657c733a383a226e6173206861776a223b69735f696e7374727563746f727c733a313a2231223b757365725f6c6f67696e7c733a313a2231223b),
('e6sa4i1rm8i0hn5htjco13cum97fghim', '::1', 1625838395, 0x5f5f63695f6c6173745f726567656e65726174657c693a313632353833383339353b636172745f6974656d737c613a303a7b7d6c616e67756167657c733a333a226c616f223b746f74616c5f70726963655f6f665f636865636b696e675f6f75747c693a33343434343b6c61796f75747c733a343a226c697374223b757365725f69647c733a313a2232223b726f6c655f69647c733a313a2232223b726f6c657c733a343a2255736572223b6e616d657c733a383a226e6173206861776a223b69735f696e7374727563746f727c733a313a2231223b757365725f6c6f67696e7c733a313a2231223b),
('ke5d5nmc11v8ai758jhdo20b9urmdfrf', '::1', 1625841707, 0x5f5f63695f6c6173745f726567656e65726174657c693a313632353834313730373b636172745f6974656d737c613a303a7b7d6c616e67756167657c733a333a226c616f223b746f74616c5f70726963655f6f665f636865636b696e675f6f75747c693a33343434343b6c61796f75747c733a343a226c697374223b757365725f69647c733a313a2232223b726f6c655f69647c733a313a2232223b726f6c657c733a343a2255736572223b6e616d657c733a383a226e6173206861776a223b69735f696e7374727563746f727c733a313a2231223b757365725f6c6f67696e7c733a313a2231223b),
('vptoovvij3m5ncopepjkcb0l0ro6nmp6', '::1', 1625842062, 0x5f5f63695f6c6173745f726567656e65726174657c693a313632353834323036323b636172745f6974656d737c613a303a7b7d6c616e67756167657c733a373a22656e676c697368223b6c61796f75747c733a343a226c697374223b746f74616c5f70726963655f6f665f636865636b696e675f6f75747c693a303b757365725f69647c733a313a2231223b726f6c655f69647c733a313a2231223b726f6c657c733a353a2241646d696e223b6e616d657c733a31313a226e756a737561206861776a223b69735f696e7374727563746f727c733a313a2230223b61646d696e5f6c6f67696e7c733a313a2231223b666c6173685f6d6573736167657c733a32353a22436f75706f6e206164646564207375636365737366756c6c79223b5f5f63695f766172737c613a313a7b733a31333a22666c6173685f6d657373616765223b733a333a226f6c64223b7d),
('acfhhp5n1j8u3bar9sm9n7nj5157o37h', '::1', 1625842020, 0x5f5f63695f6c6173745f726567656e65726174657c693a313632353834323032303b636172745f6974656d737c613a303a7b7d6c616e67756167657c733a333a226c616f223b746f74616c5f70726963655f6f665f636865636b696e675f6f75747c693a33343434343b6c61796f75747c733a343a226c697374223b757365725f69647c733a313a2232223b726f6c655f69647c733a313a2232223b726f6c657c733a343a2255736572223b6e616d657c733a383a226e6173206861776a223b69735f696e7374727563746f727c733a313a2231223b757365725f6c6f67696e7c733a313a2231223b),
('dltgtgb1p34nv0fqnuh75p79acdns81q', '::1', 1625842333, 0x5f5f63695f6c6173745f726567656e65726174657c693a313632353834323333333b636172745f6974656d737c613a303a7b7d6c616e67756167657c733a333a226c616f223b746f74616c5f70726963655f6f665f636865636b696e675f6f75747c643a35353835322e333b6c61796f75747c733a343a226c697374223b757365725f69647c733a313a2232223b726f6c655f69647c733a313a2232223b726f6c657c733a343a2255736572223b6e616d657c733a383a226e6173206861776a223b69735f696e7374727563746f727c733a313a2231223b757365725f6c6f67696e7c733a313a2231223b6170706c6965645f636f75706f6e7c733a373a22474656534c425a223b),
('4hekf98ne990gnsh3kpf18jv0k4p2hsn', '::1', 1625842366, 0x5f5f63695f6c6173745f726567656e65726174657c693a313632353834323336363b636172745f6974656d737c613a303a7b7d6c616e67756167657c733a373a22656e676c697368223b6c61796f75747c733a343a226c697374223b746f74616c5f70726963655f6f665f636865636b696e675f6f75747c693a303b757365725f69647c733a313a2231223b726f6c655f69647c733a313a2231223b726f6c657c733a353a2241646d696e223b6e616d657c733a31313a226e756a737561206861776a223b69735f696e7374727563746f727c733a313a2230223b61646d696e5f6c6f67696e7c733a313a2231223b),
('3dr91vu00bc6rrj418fnvh70t6knrbbi', '::1', 1625842638, 0x5f5f63695f6c6173745f726567656e65726174657c693a313632353834323633383b636172745f6974656d737c613a303a7b7d6c616e67756167657c733a333a226c616f223b746f74616c5f70726963655f6f665f636865636b696e675f6f75747c643a35353835322e333b6c61796f75747c733a343a226c697374223b757365725f69647c733a313a2232223b726f6c655f69647c733a313a2232223b726f6c657c733a343a2255736572223b6e616d657c733a383a226e6173206861776a223b69735f696e7374727563746f727c733a313a2231223b757365725f6c6f67696e7c733a313a2231223b6170706c6965645f636f75706f6e7c733a373a22474656534c425a223b666c6173685f6d6573736167657c733a32303a225769746864726177616c20726571756573746564223b5f5f63695f766172737c613a313a7b733a31333a22666c6173685f6d657373616765223b733a333a226f6c64223b7d),
('t72cpo8ln47jmgttrbu680vbaii02h4p', '::1', 1625842630, 0x5f5f63695f6c6173745f726567656e65726174657c693a313632353834323336363b636172745f6974656d737c613a303a7b7d6c616e67756167657c733a373a22656e676c697368223b6c61796f75747c733a343a226c697374223b746f74616c5f70726963655f6f665f636865636b696e675f6f75747c693a303b757365725f69647c733a313a2231223b726f6c655f69647c733a313a2231223b726f6c657c733a353a2241646d696e223b6e616d657c733a31313a226e756a737561206861776a223b69735f696e7374727563746f727c733a313a2230223b61646d696e5f6c6f67696e7c733a313a2231223b),
('evtcdb2thm2peksavm3a4oi0dtuacjq6', '::1', 1625842658, 0x5f5f63695f6c6173745f726567656e65726174657c693a313632353834323633383b636172745f6974656d737c613a303a7b7d6c616e67756167657c733a333a226c616f223b746f74616c5f70726963655f6f665f636865636b696e675f6f75747c643a35353835322e333b6c61796f75747c733a343a226c697374223b757365725f69647c733a313a2232223b726f6c655f69647c733a313a2232223b726f6c657c733a343a2255736572223b6e616d657c733a383a226e6173206861776a223b69735f696e7374727563746f727c733a313a2231223b757365725f6c6f67696e7c733a313a2231223b6170706c6965645f636f75706f6e7c733a373a22474656534c425a223b),
('4vlnmj518oalnk0vjiv0jmccke8kio59', '::1', 1625899705, 0x5f5f63695f6c6173745f726567656e65726174657c693a313632353839393730353b636172745f6974656d737c613a303a7b7d6c616e67756167657c733a373a22656e676c697368223b757365725f69647c733a313a2231223b726f6c655f69647c733a313a2231223b726f6c657c733a353a2241646d696e223b6e616d657c733a31313a226e756a737561206861776a223b69735f696e7374727563746f727c733a313a2230223b61646d696e5f6c6f67696e7c733a313a2231223b666c6173685f6d6573736167657c733a32333a2253797374656d2073657474696e67732075706461746564223b5f5f63695f766172737c613a313a7b733a31333a22666c6173685f6d657373616765223b733a333a226f6c64223b7d),
('plesatvd3fu8j3sthcod8noij5tnnch6', '::1', 1625899711, 0x5f5f63695f6c6173745f726567656e65726174657c693a313632353839393731313b636172745f6974656d737c613a303a7b7d6c616e67756167657c733a373a22656e676c697368223b),
('tc53l8kgmuj5qg3cmpu28f6dllms08u4', '::1', 1625900537, 0x5f5f63695f6c6173745f726567656e65726174657c693a313632353930303533373b636172745f6974656d737c613a303a7b7d6c616e67756167657c733a373a22656e676c697368223b757365725f69647c733a313a2231223b726f6c655f69647c733a313a2231223b726f6c657c733a353a2241646d696e223b6e616d657c733a31313a226e756a737561206861776a223b69735f696e7374727563746f727c733a313a2230223b61646d696e5f6c6f67696e7c733a313a2231223b666c6173685f6d6573736167657c733a32353a2246726f6e74656e642073657474696e67732075706461746564223b5f5f63695f766172737c613a313a7b733a31333a22666c6173685f6d657373616765223b733a333a226f6c64223b7d),
('bieqnc5bore9ho3e7a0ob582vbh8jhsh', '::1', 1625900042, 0x5f5f63695f6c6173745f726567656e65726174657c693a313632353930303034323b636172745f6974656d737c613a303a7b7d6c616e67756167657c733a373a22656e676c697368223b),
('sqfti618esnnjpb4jbdjpjkt3fs2tru4', '::1', 1625900415, 0x5f5f63695f6c6173745f726567656e65726174657c693a313632353930303431353b636172745f6974656d737c613a303a7b7d6c616e67756167657c733a373a22656e676c697368223b),
('tqsh7f1q6ukk1regktk745p1v9tt0c0n', '::1', 1625900793, 0x5f5f63695f6c6173745f726567656e65726174657c693a313632353930303739333b636172745f6974656d737c613a303a7b7d6c616e67756167657c733a373a22656e676c697368223b),
('i6p53m4tpcrp6oi6uptsjf5j13pqv0d0', '::1', 1625901034, 0x5f5f63695f6c6173745f726567656e65726174657c693a313632353930313033343b636172745f6974656d737c613a303a7b7d6c616e67756167657c733a373a22656e676c697368223b757365725f69647c733a313a2231223b726f6c655f69647c733a313a2231223b726f6c657c733a353a2241646d696e223b6e616d657c733a31313a226e756a737561206861776a223b69735f696e7374727563746f727c733a313a2230223b61646d696e5f6c6f67696e7c733a313a2231223b),
('rtp4rpt89b4qa8ufv3pkfjcuqt90178u', '::1', 1625901124, 0x5f5f63695f6c6173745f726567656e65726174657c693a313632353930313132343b636172745f6974656d737c613a303a7b7d6c616e67756167657c733a373a22656e676c697368223b),
('oai1u9op5967n30seh3gartmen1qte78', '::1', 1625901608, 0x5f5f63695f6c6173745f726567656e65726174657c693a313632353930313630383b636172745f6974656d737c613a303a7b7d6c616e67756167657c733a373a22656e676c697368223b757365725f69647c733a313a2231223b726f6c655f69647c733a313a2231223b726f6c657c733a353a2241646d696e223b6e616d657c733a31313a226e756a737561206861776a223b69735f696e7374727563746f727c733a313a2230223b61646d696e5f6c6f67696e7c733a313a2231223b666c6173685f6d6573736167657c733a32353a2246726f6e74656e642073657474696e67732075706461746564223b5f5f63695f766172737c613a313a7b733a31333a22666c6173685f6d657373616765223b733a333a226f6c64223b7d),
('o9tp0e9v3s2ni18pcq3ioai1el3tr60c', '::1', 1625901612, 0x5f5f63695f6c6173745f726567656e65726174657c693a313632353930313631323b636172745f6974656d737c613a303a7b7d6c616e67756167657c733a373a22656e676c697368223b),
('simg8j9r85v5adaigs306hfvmj7i75if', '::1', 1625901952, 0x5f5f63695f6c6173745f726567656e65726174657c693a313632353930313935323b636172745f6974656d737c613a303a7b7d6c616e67756167657c733a373a22656e676c697368223b757365725f69647c733a313a2231223b726f6c655f69647c733a313a2231223b726f6c657c733a353a2241646d696e223b6e616d657c733a31313a226e756a737561206861776a223b69735f696e7374727563746f727c733a313a2230223b61646d696e5f6c6f67696e7c733a313a2231223b666c6173685f6d6573736167657c733a32353a2246726f6e74656e642073657474696e67732075706461746564223b5f5f63695f766172737c613a313a7b733a31333a22666c6173685f6d657373616765223b733a333a226f6c64223b7d),
('60betl2ffq1g0ks0vh8cj7ddvjstcbj5', '::1', 1625901975, 0x5f5f63695f6c6173745f726567656e65726174657c693a313632353930313937353b636172745f6974656d737c613a303a7b7d6c616e67756167657c733a373a22656e676c697368223b),
('bfp6g2sr2vt4ntssutjfgeoqc85ohmr6', '::1', 1625902346, 0x5f5f63695f6c6173745f726567656e65726174657c693a313632353930323334363b636172745f6974656d737c613a303a7b7d6c616e67756167657c733a373a22656e676c697368223b757365725f69647c733a313a2231223b726f6c655f69647c733a313a2231223b726f6c657c733a353a2241646d696e223b6e616d657c733a31313a226e756a737561206861776a223b69735f696e7374727563746f727c733a313a2230223b61646d696e5f6c6f67696e7c733a313a2231223b666c6173685f6d6573736167657c733a32353a2246726f6e74656e642073657474696e67732075706461746564223b5f5f63695f766172737c613a313a7b733a31333a22666c6173685f6d657373616765223b733a333a226f6c64223b7d),
('cjpf4g70kji9dvhjf5s67sn8llnncanm', '::1', 1625902354, 0x5f5f63695f6c6173745f726567656e65726174657c693a313632353930323335343b636172745f6974656d737c613a303a7b7d6c616e67756167657c733a373a22656e676c697368223b),
('ua9g0f07b9qqn96befm3rr11ihgdnsl0', '::1', 1625902714, 0x5f5f63695f6c6173745f726567656e65726174657c693a313632353930323731343b636172745f6974656d737c613a303a7b7d6c616e67756167657c733a373a22656e676c697368223b757365725f69647c733a313a2231223b726f6c655f69647c733a313a2231223b726f6c657c733a353a2241646d696e223b6e616d657c733a31313a226e756a737561206861776a223b69735f696e7374727563746f727c733a313a2230223b61646d696e5f6c6f67696e7c733a313a2231223b),
('hvhk2e7543rv1m8raold80i7fn9cshjj', '::1', 1625902741, 0x5f5f63695f6c6173745f726567656e65726174657c693a313632353930323734313b636172745f6974656d737c613a303a7b7d6c616e67756167657c733a373a22656e676c697368223b),
('7ge998gtek04brimfjdve6scj10b3bb5', '::1', 1625903478, 0x5f5f63695f6c6173745f726567656e65726174657c693a313632353930333437383b636172745f6974656d737c613a303a7b7d6c616e67756167657c733a373a22656e676c697368223b757365725f69647c733a313a2231223b726f6c655f69647c733a313a2231223b726f6c657c733a353a2241646d696e223b6e616d657c733a31313a226e756a737561206861776a223b69735f696e7374727563746f727c733a313a2230223b61646d696e5f6c6f67696e7c733a313a2231223b),
('p4dmj7g0bocrus6oj46t9ao0nduuajl2', '::1', 1625902816, 0x5f5f63695f6c6173745f726567656e65726174657c693a313632353930323734313b636172745f6974656d737c613a303a7b7d6c616e67756167657c733a373a22656e676c697368223b746f74616c5f70726963655f6f665f636865636b696e675f6f75747c693a303b),
('t08turvcn7f4t3cquppjnkn7oc3vs0j4', '::1', 1625909957, 0x5f5f63695f6c6173745f726567656e65726174657c693a313632353930393935373b636172745f6974656d737c613a303a7b7d6c616e67756167657c733a373a22656e676c697368223b757365725f69647c733a313a2231223b726f6c655f69647c733a313a2231223b726f6c657c733a353a2241646d696e223b6e616d657c733a31313a226e756a737561206861776a223b69735f696e7374727563746f727c733a313a2230223b61646d696e5f6c6f67696e7c733a313a2231223b),
('6l38ldionjaaigln0bnauddbhrrvk1lg', '::1', 1625910308, 0x5f5f63695f6c6173745f726567656e65726174657c693a313632353931303330383b636172745f6974656d737c613a303a7b7d6c616e67756167657c733a373a22656e676c697368223b757365725f69647c733a313a2231223b726f6c655f69647c733a313a2231223b726f6c657c733a353a2241646d696e223b6e616d657c733a31313a226e756a737561206861776a223b69735f696e7374727563746f727c733a313a2230223b61646d696e5f6c6f67696e7c733a313a2231223b),
('u7ej2hl1nl20fip4elscnlsb72qti9en', '::1', 1625910354, 0x5f5f63695f6c6173745f726567656e65726174657c693a313632353931303335343b636172745f6974656d737c613a303a7b7d6c616e67756167657c733a373a22656e676c697368223b),
('ndtonhu0ososooehtrp3blpaprlqk07u', '::1', 1625910644, 0x5f5f63695f6c6173745f726567656e65726174657c693a313632353931303634343b636172745f6974656d737c613a303a7b7d6c616e67756167657c733a373a22656e676c697368223b757365725f69647c733a313a2231223b726f6c655f69647c733a313a2231223b726f6c657c733a353a2241646d696e223b6e616d657c733a31313a226e756a737561206861776a223b69735f696e7374727563746f727c733a313a2230223b61646d696e5f6c6f67696e7c733a313a2231223b),
('pk5evgjbpq625ccqa5cruld1fj0fmmhj', '::1', 1625916545, 0x5f5f63695f6c6173745f726567656e65726174657c693a313632353931363534353b636172745f6974656d737c613a303a7b7d6c616e67756167657c733a373a22656e676c697368223b6c61796f75747c733a343a226c697374223b),
('nbl618bgs220ap2omdtrh54cnriuqjrc', '::1', 1625916146, 0x5f5f63695f6c6173745f726567656e65726174657c693a313632353931363134363b636172745f6974656d737c613a303a7b7d6c616e67756167657c733a373a22656e676c697368223b),
('d1cdg1065gtn7otfktb6hspfdk3gttbd', '::1', 1625916461, 0x5f5f63695f6c6173745f726567656e65726174657c693a313632353931363436313b636172745f6974656d737c613a303a7b7d6c616e67756167657c733a373a22656e676c697368223b),
('r6o80i4qkdopj1hr2kipp96ctprd5ji9', '::1', 1625916846, 0x5f5f63695f6c6173745f726567656e65726174657c693a313632353931363834363b636172745f6974656d737c613a303a7b7d6c616e67756167657c733a373a22656e676c697368223b6572726f725f6d6573736167657c733a32393a2252656361707463686120766572696669636174696f6e206661696c6564223b5f5f63695f766172737c613a313a7b733a31333a226572726f725f6d657373616765223b733a333a226f6c64223b7d),
('jats15cm95gt192hmtp91lj39fcivob8', '::1', 1625916588, 0x5f5f63695f6c6173745f726567656e65726174657c693a313632353931363534353b636172745f6974656d737c613a303a7b7d6c616e67756167657c733a373a22656e676c697368223b6c61796f75747c733a343a226c697374223b6572726f725f6d6573736167657c733a32393a2252656361707463686120766572696669636174696f6e206661696c6564223b5f5f63695f766172737c613a313a7b733a31333a226572726f725f6d657373616765223b733a333a226f6c64223b7d),
('e7l0ipaum6mcpr2f8sgos019l78ugqjm', '::1', 1625916847, 0x5f5f63695f6c6173745f726567656e65726174657c693a313632353931363834363b636172745f6974656d737c613a303a7b7d6c616e67756167657c733a373a22656e676c697368223b6572726f725f6d6573736167657c733a32393a2252656361707463686120766572696669636174696f6e206661696c6564223b5f5f63695f766172737c613a313a7b733a31333a226572726f725f6d657373616765223b733a333a226f6c64223b7d),
('v3ablivcvkh81mavpt0m2mo157sohojk', '::1', 1625920717, 0x5f5f63695f6c6173745f726567656e65726174657c693a313632353932303731373b636172745f6974656d737c613a303a7b7d6c616e67756167657c733a373a22656e676c697368223b757365725f69647c733a313a2232223b726f6c655f69647c733a313a2232223b726f6c657c733a343a2255736572223b6e616d657c733a383a226e6173206861776a223b69735f696e7374727563746f727c733a313a2231223b757365725f6c6f67696e7c733a313a2231223b),
('mp5j46ipdkf7ic0hbjrckhp5tl7bh26c', '::1', 1625920855, 0x5f5f63695f6c6173745f726567656e65726174657c693a313632353932303835353b636172745f6974656d737c613a303a7b7d6c616e67756167657c733a373a22656e676c697368223b757365725f69647c733a313a2231223b726f6c655f69647c733a313a2231223b726f6c657c733a353a2241646d696e223b6e616d657c733a31313a226e756a737561206861776a223b69735f696e7374727563746f727c733a313a2230223b61646d696e5f6c6f67696e7c733a313a2231223b),
('bqvedpv2v8cu4h8ljq151gskuav4bjc1', '::1', 1625925074, 0x5f5f63695f6c6173745f726567656e65726174657c693a313632353932353037343b636172745f6974656d737c613a303a7b7d6c616e67756167657c733a373a22656e676c697368223b757365725f69647c733a313a2232223b726f6c655f69647c733a313a2232223b726f6c657c733a343a2255736572223b6e616d657c733a383a226e6173206861776a223b69735f696e7374727563746f727c733a313a2231223b757365725f6c6f67696e7c733a313a2231223b),
('hmddfuj625jpja15smbqkj8pclojlikt', '::1', 1625924517, 0x5f5f63695f6c6173745f726567656e65726174657c693a313632353932343531373b636172745f6974656d737c613a303a7b7d6c616e67756167657c733a373a22656e676c697368223b757365725f69647c733a313a2231223b726f6c655f69647c733a313a2231223b726f6c657c733a353a2241646d696e223b6e616d657c733a31313a226e756a737561206861776a223b69735f696e7374727563746f727c733a313a2230223b61646d696e5f6c6f67696e7c733a313a2231223b666c6173685f6d6573736167657c733a31353a2246617669636f6e2075706461746564223b5f5f63695f766172737c613a313a7b733a31333a22666c6173685f6d657373616765223b733a333a226f6c64223b7d),
('ooj1h71afa0qk2e545e1avb6dpl5u9th', '::1', 1625924819, 0x5f5f63695f6c6173745f726567656e65726174657c693a313632353932343831393b636172745f6974656d737c613a303a7b7d6c616e67756167657c733a373a22656e676c697368223b757365725f69647c733a313a2231223b726f6c655f69647c733a313a2231223b726f6c657c733a353a2241646d696e223b6e616d657c733a31313a226e756a737561206861776a223b69735f696e7374727563746f727c733a313a2230223b61646d696e5f6c6f67696e7c733a313a2231223b666c6173685f6d6573736167657c733a31393a2242616e6e657220696d61676520757064617465223b5f5f63695f766172737c613a313a7b733a31333a22666c6173685f6d657373616765223b733a333a226f6c64223b7d),
('qk2aqog06fjdhda4im1mf7urlp1ng9h9', '::1', 1625925122, 0x5f5f63695f6c6173745f726567656e65726174657c693a313632353932353132323b636172745f6974656d737c613a303a7b7d6c616e67756167657c733a373a22656e676c697368223b757365725f69647c733a313a2231223b726f6c655f69647c733a313a2231223b726f6c657c733a353a2241646d696e223b6e616d657c733a31313a226e756a737561206861776a223b69735f696e7374727563746f727c733a313a2230223b61646d696e5f6c6f67696e7c733a313a2231223b),
('tehi0d7b4bkcn35cn54pb9nchj681ko6', '::1', 1625925904, 0x5f5f63695f6c6173745f726567656e65726174657c693a313632353932353930343b636172745f6974656d737c613a303a7b7d6c616e67756167657c733a373a22656e676c697368223b757365725f69647c733a313a2232223b726f6c655f69647c733a313a2232223b726f6c657c733a343a2255736572223b6e616d657c733a383a226e6173206861776a223b69735f696e7374727563746f727c733a313a2231223b757365725f6c6f67696e7c733a313a2231223b),
('943ofk7e0h83h63hmvb1v6qdin543ill', '::1', 1625925668, 0x5f5f63695f6c6173745f726567656e65726174657c693a313632353932353636383b636172745f6974656d737c613a303a7b7d6c616e67756167657c733a373a22656e676c697368223b757365725f69647c733a313a2231223b726f6c655f69647c733a313a2231223b726f6c657c733a353a2241646d696e223b6e616d657c733a31313a226e756a737561206861776a223b69735f696e7374727563746f727c733a313a2230223b61646d696e5f6c6f67696e7c733a313a2231223b),
('uq5trfl8m6sf71hbhnd1u63q8qj6ktkk', '::1', 1625925990, 0x5f5f63695f6c6173745f726567656e65726174657c693a313632353932353939303b636172745f6974656d737c613a303a7b7d6c616e67756167657c733a373a22656e676c697368223b757365725f69647c733a313a2231223b726f6c655f69647c733a313a2231223b726f6c657c733a353a2241646d696e223b6e616d657c733a31313a226e756a737561206861776a223b69735f696e7374727563746f727c733a313a2230223b61646d696e5f6c6f67696e7c733a313a2231223b666c6173685f6d6573736167657c733a32353a2246726f6e74656e642073657474696e67732075706461746564223b5f5f63695f766172737c613a313a7b733a31333a22666c6173685f6d657373616765223b733a333a226f6c64223b7d),
('7r84qdr5gdunrar154v6kg21cmqqudnh', '::1', 1625926336, 0x5f5f63695f6c6173745f726567656e65726174657c693a313632353932363333363b636172745f6974656d737c613a303a7b7d6c616e67756167657c733a373a22656e676c697368223b757365725f69647c733a313a2232223b726f6c655f69647c733a313a2232223b726f6c657c733a343a2255736572223b6e616d657c733a383a226e6173206861776a223b69735f696e7374727563746f727c733a313a2231223b757365725f6c6f67696e7c733a313a2231223b),
('0c5b5uojg245hhvhggtdovaeqbock9gj', '::1', 1625926292, 0x5f5f63695f6c6173745f726567656e65726174657c693a313632353932363239323b636172745f6974656d737c613a303a7b7d6c616e67756167657c733a373a22656e676c697368223b757365725f69647c733a313a2231223b726f6c655f69647c733a313a2231223b726f6c657c733a353a2241646d696e223b6e616d657c733a31313a226e756a737561206861776a223b69735f696e7374727563746f727c733a313a2230223b61646d696e5f6c6f67696e7c733a313a2231223b),
('i2jjd6km3dhti4fnk1s59r3u35b40pdd', '::1', 1625926680, 0x5f5f63695f6c6173745f726567656e65726174657c693a313632353932363638303b636172745f6974656d737c613a303a7b7d6c616e67756167657c733a373a22656e676c697368223b757365725f69647c733a313a2231223b726f6c655f69647c733a313a2231223b726f6c657c733a353a2241646d696e223b6e616d657c733a31313a226e756a737561206861776a223b69735f696e7374727563746f727c733a313a2230223b61646d696e5f6c6f67696e7c733a313a2231223b),
('blogvl1snms4msgpnkn4trlpadcovuoq', '::1', 1625926752, 0x5f5f63695f6c6173745f726567656e65726174657c693a313632353932363735323b636172745f6974656d737c613a303a7b7d6c616e67756167657c733a373a22656e676c697368223b757365725f69647c733a313a2232223b726f6c655f69647c733a313a2232223b726f6c657c733a343a2255736572223b6e616d657c733a383a226e6173206861776a223b69735f696e7374727563746f727c733a313a2231223b757365725f6c6f67696e7c733a313a2231223b),
('sdqlsfcq2ga6i7m7bqk0ntv6o3jsds2n', '::1', 1625927146, 0x5f5f63695f6c6173745f726567656e65726174657c693a313632353932373134363b636172745f6974656d737c613a303a7b7d6c616e67756167657c733a373a22656e676c697368223b757365725f69647c733a313a2231223b726f6c655f69647c733a313a2231223b726f6c657c733a353a2241646d696e223b6e616d657c733a31313a226e756a737561206861776a223b69735f696e7374727563746f727c733a313a2230223b61646d696e5f6c6f67696e7c733a313a2231223b),
('r61q66qfescij5edtnfsurnacjradps2', '::1', 1625927152, 0x5f5f63695f6c6173745f726567656e65726174657c693a313632353932373135323b636172745f6974656d737c613a303a7b7d6c616e67756167657c733a373a22656e676c697368223b757365725f69647c733a313a2232223b726f6c655f69647c733a313a2232223b726f6c657c733a343a2255736572223b6e616d657c733a383a226e6173206861776a223b69735f696e7374727563746f727c733a313a2231223b757365725f6c6f67696e7c733a313a2231223b6c61796f75747c733a343a226c697374223b),
('if7iborfep8dlav0f2vthjjisjvn4ioi', '::1', 1625927476, 0x5f5f63695f6c6173745f726567656e65726174657c693a313632353932373437363b636172745f6974656d737c613a303a7b7d6c616e67756167657c733a373a22656e676c697368223b757365725f69647c733a313a2231223b726f6c655f69647c733a313a2231223b726f6c657c733a353a2241646d696e223b6e616d657c733a31313a226e756a737561206861776a223b69735f696e7374727563746f727c733a313a2230223b61646d696e5f6c6f67696e7c733a313a2231223b),
('qnoepaofnncemet0p8pjud6vpkrack7q', '::1', 1625927761, 0x5f5f63695f6c6173745f726567656e65726174657c693a313632353932373736313b636172745f6974656d737c613a303a7b7d6c616e67756167657c733a373a22656e676c697368223b757365725f69647c733a313a2232223b726f6c655f69647c733a313a2232223b726f6c657c733a343a2255736572223b6e616d657c733a383a226e6173206861776a223b69735f696e7374727563746f727c733a313a2231223b757365725f6c6f67696e7c733a313a2231223b6c61796f75747c733a343a226c697374223b),
('gfflk9c6r6ia19rnq990pohj4pf2duas', '::1', 1625927847, 0x5f5f63695f6c6173745f726567656e65726174657c693a313632353932373834373b636172745f6974656d737c613a303a7b7d6c616e67756167657c733a373a22656e676c697368223b757365725f69647c733a313a2231223b726f6c655f69647c733a313a2231223b726f6c657c733a353a2241646d696e223b6e616d657c733a31313a226e756a737561206861776a223b69735f696e7374727563746f727c733a313a2230223b61646d696e5f6c6f67696e7c733a313a2231223b666c6173685f6d6573736167657c733a32333a2244617461206164646564207375636365737366756c6c79223b5f5f63695f766172737c613a313a7b733a31333a22666c6173685f6d657373616765223b733a333a226f6c64223b7d),
('61f1d6lldnmnbl03lc4eb7jpgju5nsvh', '::1', 1625928260, 0x5f5f63695f6c6173745f726567656e65726174657c693a313632353932383236303b636172745f6974656d737c613a303a7b7d6c616e67756167657c733a373a22656e676c697368223b757365725f69647c733a313a2232223b726f6c655f69647c733a313a2232223b726f6c657c733a343a2255736572223b6e616d657c733a383a226e6173206861776a223b69735f696e7374727563746f727c733a313a2231223b757365725f6c6f67696e7c733a313a2231223b6c61796f75747c733a343a226c697374223b),
('p2ibd2d9ai02iifkg1k1vb4h6akoq9tc', '::1', 1625928157, 0x5f5f63695f6c6173745f726567656e65726174657c693a313632353932383135373b636172745f6974656d737c613a303a7b7d6c616e67756167657c733a373a22656e676c697368223b757365725f69647c733a313a2231223b726f6c655f69647c733a313a2231223b726f6c657c733a353a2241646d696e223b6e616d657c733a31313a226e756a737561206861776a223b69735f696e7374727563746f727c733a313a2230223b61646d696e5f6c6f67696e7c733a313a2231223b),
('ttqsovk2ihi7qrq5pgaq6669mfb7ld4d', '::1', 1625928525, 0x5f5f63695f6c6173745f726567656e65726174657c693a313632353932383532353b636172745f6974656d737c613a303a7b7d6c616e67756167657c733a373a22656e676c697368223b757365725f69647c733a313a2231223b726f6c655f69647c733a313a2231223b726f6c657c733a353a2241646d696e223b6e616d657c733a31313a226e756a737561206861776a223b69735f696e7374727563746f727c733a313a2230223b61646d696e5f6c6f67696e7c733a313a2231223b666c6173685f6d6573736167657c733a32333a2244617461206164646564207375636365737366756c6c79223b5f5f63695f766172737c613a313a7b733a31333a22666c6173685f6d657373616765223b733a333a226f6c64223b7d),
('18v49ek1pgt36frftugvnlfapq1d43tu', '::1', 1625928611, 0x5f5f63695f6c6173745f726567656e65726174657c693a313632353932383631313b636172745f6974656d737c613a303a7b7d6c616e67756167657c733a373a22656e676c697368223b757365725f69647c733a313a2232223b726f6c655f69647c733a313a2232223b726f6c657c733a343a2255736572223b6e616d657c733a383a226e6173206861776a223b69735f696e7374727563746f727c733a313a2231223b757365725f6c6f67696e7c733a313a2231223b6c61796f75747c733a343a226c697374223b),
('aorgll5lm8rgmkkageglqqn7tqbtvl11', '::1', 1625928979, 0x5f5f63695f6c6173745f726567656e65726174657c693a313632353932383937393b636172745f6974656d737c613a303a7b7d6c616e67756167657c733a373a22656e676c697368223b757365725f69647c733a313a2231223b726f6c655f69647c733a313a2231223b726f6c657c733a353a2241646d696e223b6e616d657c733a31313a226e756a737561206861776a223b69735f696e7374727563746f727c733a313a2230223b61646d696e5f6c6f67696e7c733a313a2231223b),
('53vhfjnpidlgukgphrog0gq73b7it23d', '::1', 1625928985, 0x5f5f63695f6c6173745f726567656e65726174657c693a313632353932383938353b636172745f6974656d737c613a303a7b7d6c616e67756167657c733a373a22656e676c697368223b757365725f69647c733a313a2232223b726f6c655f69647c733a313a2232223b726f6c657c733a343a2255736572223b6e616d657c733a383a226e6173206861776a223b69735f696e7374727563746f727c733a313a2231223b757365725f6c6f67696e7c733a313a2231223b6c61796f75747c733a343a226c697374223b),
('g3v005067ogeucm38v905if0g9d18qf4', '::1', 1625929224, 0x5f5f63695f6c6173745f726567656e65726174657c693a313632353932383937393b636172745f6974656d737c613a303a7b7d6c616e67756167657c733a373a22656e676c697368223b757365725f69647c733a313a2231223b726f6c655f69647c733a313a2231223b726f6c657c733a353a2241646d696e223b6e616d657c733a31313a226e756a737561206861776a223b69735f696e7374727563746f727c733a313a2230223b61646d696e5f6c6f67696e7c733a313a2231223b666c6173685f6d6573736167657c733a32373a22436f757273652075706461746564207375636365737366756c6c79223b5f5f63695f766172737c613a313a7b733a31333a22666c6173685f6d657373616765223b733a333a226f6c64223b7d),
('42jfjm87b5g1kgkvr0q5gis64od7f6j8', '::1', 1625929272, 0x5f5f63695f6c6173745f726567656e65726174657c693a313632353932383938353b636172745f6974656d737c613a303a7b7d6c616e67756167657c733a373a22656e676c697368223b757365725f69647c733a313a2232223b726f6c655f69647c733a313a2232223b726f6c657c733a343a2255736572223b6e616d657c733a383a226e6173206861776a223b69735f696e7374727563746f727c733a313a2231223b757365725f6c6f67696e7c733a313a2231223b6c61796f75747c733a343a226c697374223b),
('s3tjhr8puomvgiqe2uop5nu028qgbmlo', '::1', 1625990151, 0x5f5f63695f6c6173745f726567656e65726174657c693a313632353939303135313b636172745f6974656d737c613a303a7b7d6c616e67756167657c733a373a22656e676c697368223b757365725f69647c733a313a2231223b726f6c655f69647c733a313a2231223b726f6c657c733a353a2241646d696e223b6e616d657c733a31313a226e756a737561206861776a223b69735f696e7374727563746f727c733a313a2230223b61646d696e5f6c6f67696e7c733a313a2231223b),
('33gcokj24rl72iv4j0gh3qo2p6kupote', '::1', 1625990720, 0x5f5f63695f6c6173745f726567656e65726174657c693a313632353939303732303b636172745f6974656d737c613a303a7b7d6c616e67756167657c733a373a22656e676c697368223b757365725f69647c733a313a2231223b726f6c655f69647c733a313a2231223b726f6c657c733a353a2241646d696e223b6e616d657c733a31313a226e756a737561206861776a223b69735f696e7374727563746f727c733a313a2230223b61646d696e5f6c6f67696e7c733a313a2231223b666c6173685f6d6573736167657c733a32383a224164646f6e20696e7374616c6c6564207375636365737366756c6c79223b5f5f63695f766172737c613a313a7b733a31333a22666c6173685f6d657373616765223b733a333a226f6c64223b7d),
('1euni34mtfjn46th2svtfnopibs5tr7r', '::1', 1625990730, 0x5f5f63695f6c6173745f726567656e65726174657c693a313632353939303732303b636172745f6974656d737c613a303a7b7d6c616e67756167657c733a373a22656e676c697368223b757365725f69647c733a313a2231223b726f6c655f69647c733a313a2231223b726f6c657c733a353a2241646d696e223b6e616d657c733a31313a226e756a737561206861776a223b69735f696e7374727563746f727c733a313a2230223b61646d696e5f6c6f67696e7c733a313a2231223b666c6173685f6d6573736167657c733a32383a224164646f6e20696e7374616c6c6564207375636365737366756c6c79223b5f5f63695f766172737c613a313a7b733a31333a22666c6173685f6d657373616765223b733a333a226f6c64223b7d),
('lbouqhfaqt54g0sqeruuii56bt41nn47', '::1', 1625998165, 0x5f5f63695f6c6173745f726567656e65726174657c693a313632353939383034353b636172745f6974656d737c613a313a7b693a303b733a313a2232223b7d6c616e67756167657c733a373a22656e676c697368223b6c61796f75747c733a343a226c697374223b),
('1okm5i0ljlulfs1nb4ilkm53c0idisr7', '::1', 1626061745, 0x5f5f63695f6c6173745f726567656e65726174657c693a313632363036313734353b636172745f6974656d737c613a303a7b7d6c616e67756167657c733a373a22656e676c697368223b),
('fb99kqe551a6jbpl9u031hi58gjh2io9', '::1', 1626061609, 0x5f5f63695f6c6173745f726567656e65726174657c693a313632363036313630393b636172745f6974656d737c613a323a7b693a303b733a313a2233223b693a313b733a313a2231223b7d6c616e67756167657c733a373a22656e676c697368223b6c61796f75747c733a343a226c697374223b746f74616c5f70726963655f6f665f636865636b696e675f6f75747c693a37393738393b757365725f69647c733a313a2233223b726f6c655f69647c733a313a2232223b726f6c657c733a343a2255736572223b6e616d657c733a383a22706f76206861776a223b69735f696e7374727563746f727c733a313a2230223b757365725f6c6f67696e7c733a313a2231223b),
('17d81vdr9fpkpjcms4l3v4lkc4qkjj0b', '::1', 1626061918, 0x5f5f63695f6c6173745f726567656e65726174657c693a313632363036313931383b636172745f6974656d737c613a303a7b7d6c616e67756167657c733a373a22656e676c697368223b6c61796f75747c733a343a226c697374223b746f74616c5f70726963655f6f665f636865636b696e675f6f75747c693a37393738393b757365725f69647c733a313a2233223b726f6c655f69647c733a313a2232223b726f6c657c733a343a2255736572223b6e616d657c733a383a22706f76206861776a223b69735f696e7374727563746f727c733a313a2231223b757365725f6c6f67696e7c733a313a2231223b),
('i1m4m3gq2treotltkqi0891chd0r29r3', '::1', 1626062195, 0x5f5f63695f6c6173745f726567656e65726174657c693a313632363036323139353b636172745f6974656d737c613a303a7b7d6c616e67756167657c733a373a22656e676c697368223b757365725f69647c733a313a2231223b726f6c655f69647c733a313a2231223b726f6c657c733a353a2241646d696e223b6e616d657c733a31313a226e756a737561206861776a223b69735f696e7374727563746f727c733a313a2230223b61646d696e5f6c6f67696e7c733a313a2231223b666c6173685f6d6573736167657c733a31323a224d6573736167652073656e74223b5f5f63695f766172737c613a313a7b733a31333a22666c6173685f6d657373616765223b733a333a226f6c64223b7d),
('us6edddk5sve6mrch5aeq9o23ttq90t6', '::1', 1626062238, 0x5f5f63695f6c6173745f726567656e65726174657c693a313632363036323233383b636172745f6974656d737c613a303a7b7d6c616e67756167657c733a373a22656e676c697368223b6c61796f75747c733a343a226c697374223b746f74616c5f70726963655f6f665f636865636b696e675f6f75747c693a37393738393b757365725f69647c733a313a2233223b726f6c655f69647c733a313a2232223b726f6c657c733a343a2255736572223b6e616d657c733a383a22706f76206861776a223b69735f696e7374727563746f727c733a313a2231223b757365725f6c6f67696e7c733a313a2231223b),
('nu56lbq6e99l5muf71it53piacf73e66', '::1', 1626062231, 0x5f5f63695f6c6173745f726567656e65726174657c693a313632363036323139353b636172745f6974656d737c613a303a7b7d6c616e67756167657c733a373a22656e676c697368223b757365725f69647c733a313a2231223b726f6c655f69647c733a313a2231223b726f6c657c733a353a2241646d696e223b6e616d657c733a31313a226e756a737561206861776a223b69735f696e7374727563746f727c733a313a2230223b61646d696e5f6c6f67696e7c733a313a2231223b),
('1fn5jddof0vrd5s9rgebu7hnoce6qem0', '::1', 1626062238, 0x5f5f63695f6c6173745f726567656e65726174657c693a313632363036323233383b636172745f6974656d737c613a303a7b7d6c616e67756167657c733a373a22656e676c697368223b6c61796f75747c733a343a226c697374223b746f74616c5f70726963655f6f665f636865636b696e675f6f75747c693a37393738393b757365725f69647c733a313a2233223b726f6c655f69647c733a313a2232223b726f6c657c733a343a2255736572223b6e616d657c733a383a22706f76206861776a223b69735f696e7374727563746f727c733a313a2231223b757365725f6c6f67696e7c733a313a2231223b);

-- --------------------------------------------------------

--
-- Table structure for table `comment`
--

CREATE TABLE `comment` (
  `id` int(11) UNSIGNED NOT NULL,
  `body` longtext COLLATE utf8_unicode_ci DEFAULT NULL,
  `user_id` int(11) DEFAULT NULL,
  `commentable_id` int(11) DEFAULT NULL,
  `commentable_type` varchar(50) COLLATE utf8_unicode_ci DEFAULT NULL,
  `date_added` int(11) DEFAULT NULL,
  `last_modified` int(11) DEFAULT NULL
) ENGINE=InnoDB DEFAULT CHARSET=utf8 COLLATE=utf8_unicode_ci;

-- --------------------------------------------------------

--
-- Table structure for table `coupons`
--

CREATE TABLE `coupons` (
  `id` bigint(20) UNSIGNED NOT NULL,
  `code` varchar(255) COLLATE utf8_unicode_ci DEFAULT NULL,
  `discount_percentage` varchar(255) COLLATE utf8_unicode_ci DEFAULT NULL,
  `created_at` int(11) DEFAULT NULL,
  `expiry_date` int(11) DEFAULT NULL
) ENGINE=InnoDB DEFAULT CHARSET=utf8 COLLATE=utf8_unicode_ci;

--
-- Dumping data for table `coupons`
--

INSERT INTO `coupons` (`id`, `code`, `discount_percentage`, `created_at`, `expiry_date`) VALUES
(2, 'GFVSLBZ', '30', 1625781600, 1625781600);

-- --------------------------------------------------------

--
-- Table structure for table `course`
--

CREATE TABLE `course` (
  `id` int(11) UNSIGNED NOT NULL,
  `title` varchar(255) COLLATE utf8_unicode_ci DEFAULT NULL,
  `short_description` longtext COLLATE utf8_unicode_ci DEFAULT NULL,
  `description` longtext COLLATE utf8_unicode_ci DEFAULT NULL,
  `outcomes` longtext COLLATE utf8_unicode_ci DEFAULT NULL,
  `language` varchar(255) COLLATE utf8_unicode_ci DEFAULT NULL,
  `category_id` int(11) DEFAULT NULL,
  `sub_category_id` int(11) DEFAULT NULL,
  `section` longtext COLLATE utf8_unicode_ci DEFAULT NULL,
  `requirements` longtext COLLATE utf8_unicode_ci DEFAULT NULL,
  `price` double DEFAULT NULL,
  `discount_flag` int(11) DEFAULT 0,
  `discounted_price` int(11) DEFAULT NULL,
  `level` varchar(50) COLLATE utf8_unicode_ci DEFAULT NULL,
  `user_id` varchar(255) COLLATE utf8_unicode_ci DEFAULT NULL,
  `thumbnail` varchar(255) COLLATE utf8_unicode_ci DEFAULT NULL,
  `video_url` varchar(255) COLLATE utf8_unicode_ci DEFAULT NULL,
  `date_added` int(11) DEFAULT NULL,
  `last_modified` int(11) DEFAULT NULL,
  `course_type` varchar(255) COLLATE utf8_unicode_ci DEFAULT NULL,
  `is_top_course` int(11) DEFAULT 0,
  `is_admin` int(11) DEFAULT NULL,
  `status` varchar(255) COLLATE utf8_unicode_ci DEFAULT NULL,
  `course_overview_provider` varchar(255) COLLATE utf8_unicode_ci DEFAULT NULL,
  `meta_keywords` longtext COLLATE utf8_unicode_ci DEFAULT NULL,
  `meta_description` longtext COLLATE utf8_unicode_ci DEFAULT NULL,
  `is_free_course` int(11) DEFAULT NULL,
  `multi_instructor` int(11) NOT NULL DEFAULT 0,
  `creator` int(11) DEFAULT NULL
) ENGINE=InnoDB DEFAULT CHARSET=utf8 COLLATE=utf8_unicode_ci;

--
-- Dumping data for table `course`
--

INSERT INTO `course` (`id`, `title`, `short_description`, `description`, `outcomes`, `language`, `category_id`, `sub_category_id`, `section`, `requirements`, `price`, `discount_flag`, `discounted_price`, `level`, `user_id`, `thumbnail`, `video_url`, `date_added`, `last_modified`, `course_type`, `is_top_course`, `is_admin`, `status`, `course_overview_provider`, `meta_keywords`, `meta_description`, `is_free_course`, `multi_instructor`, `creator`) VALUES
(1, 'Abobe Premiere pro', 'You will learn and get start full this courec', '<p>if you pay this coured you don\'t get to anything and susesefull </p><p>thiab yuav tis ua rau koj muaj kev yuav kev dab tsis kiag lis nawb qhia</p><p>rau koj paub lis ntawv os leej muam log yog leej nus </p>', '[\"you will get when you need and to learn this courec\"]', 'english', 1, 2, '[1]', '[\"not thing to saied\"]', 34444, NULL, 99, 'beginner', '1', NULL, 'https://youtu.be/Qewz0Sv_Q6E', 1625695200, 1625868000, 'general', 0, 1, 'active', 'youtube', '', 'you will get when you need are you ok', NULL, 0, 1),
(2, 'C programming Trutrorails Fullcource', 'C programming Trutrorails Fullcource is the best programming language', '<p>yes you not dreand si ready when you need</p>', '[\"C programming Trutrorails Fullcource\"]', 'english', 1, 2, '[2]', '[\"C programming Trutrorails Fullcource\"]', 4333, NULL, 3, 'beginner', '2', NULL, 'https://youtu.be/yQpee7EZ7d8', 1625695200, 1625868000, 'general', 1, 0, 'active', 'youtube', '', 'C programming Trutrorails Fullcource', NULL, 1, 2),
(3, 'Modern JavaScrip', 'Modern JavaScrip is the best language for programming in 2021', '<p>Modern JavaScrip is the best language for programming in 2021Modern JavaScrip</p>', '[\"Modern JavaScrip is the best language for programming in 2021\"]', 'english', 1, 2, '[3]', '[\"Modern JavaScrip is the best language for programming in 2021\"]', 45345, NULL, 90, 'beginner', '2', NULL, 'https://youtu.be/yQpee7EZ7d8', 1625695200, 1625868000, 'general', 1, 0, 'active', 'youtube', '', 'Modern JavaScrip is the best language for programming in 2021', NULL, 1, 2),
(4, 'Design', 'xd', '<p>you can lear this project very time when you need</p>', '[\"xd\"]', 'english', 1, 2, '[]', '[\"xd\"]', 2555, NULL, 35, 'advanced', '3', NULL, 'https://youtu.be/yQpee7EZ7d8', 1626040800, 1626040800, 'general', 1, 0, 'active', 'youtube', '', 'Adobe xd', NULL, 1, 3);

-- --------------------------------------------------------

--
-- Table structure for table `currency`
--

CREATE TABLE `currency` (
  `id` int(11) NOT NULL,
  `name` varchar(255) DEFAULT NULL,
  `code` varchar(255) DEFAULT NULL,
  `symbol` varchar(255) DEFAULT NULL,
  `paypal_supported` int(11) DEFAULT NULL,
  `stripe_supported` int(11) DEFAULT NULL
) ENGINE=InnoDB DEFAULT CHARSET=utf8;

--
-- Dumping data for table `currency`
--

INSERT INTO `currency` (`id`, `name`, `code`, `symbol`, `paypal_supported`, `stripe_supported`) VALUES
(1, 'Leke', 'ALL', 'Lek', 0, 1),
(2, 'Dollars', 'USD', '$', 1, 1),
(3, 'Afghanis', 'AFN', '؋', 0, 1),
(4, 'Pesos', 'ARS', '$', 0, 1),
(5, 'Guilders', 'AWG', 'ƒ', 0, 1),
(6, 'Dollars', 'AUD', '$', 1, 1),
(7, 'New Manats', 'AZN', 'ман', 0, 1),
(8, 'Dollars', 'BSD', '$', 0, 1),
(9, 'Dollars', 'BBD', '$', 0, 1),
(10, 'Rubles', 'BYR', 'p.', 0, 0),
(11, 'Euro', 'EUR', '€', 1, 1),
(12, 'Dollars', 'BZD', 'BZ$', 0, 1),
(13, 'Dollars', 'BMD', '$', 0, 1),
(14, 'Bolivianos', 'BOB', '$b', 0, 1),
(15, 'Convertible Marka', 'BAM', 'KM', 0, 1),
(16, 'Pula', 'BWP', 'P', 0, 1),
(17, 'Leva', 'BGN', 'лв', 0, 1),
(18, 'Reais', 'BRL', 'R$', 1, 1),
(19, 'Pounds', 'GBP', '£', 1, 1),
(20, 'Dollars', 'BND', '$', 0, 1),
(21, 'Riels', 'KHR', '៛', 0, 1),
(22, 'Dollars', 'CAD', '$', 1, 1),
(23, 'Dollars', 'KYD', '$', 0, 1),
(24, 'Pesos', 'CLP', '$', 0, 1),
(25, 'Yuan Renminbi', 'CNY', '¥', 0, 1),
(26, 'Pesos', 'COP', '$', 0, 1),
(27, 'Colón', 'CRC', '₡', 0, 1),
(28, 'Kuna', 'HRK', 'kn', 0, 1),
(29, 'Pesos', 'CUP', '₱', 0, 0),
(30, 'Koruny', 'CZK', 'Kč', 1, 1),
(31, 'Kroner', 'DKK', 'kr', 1, 1),
(32, 'Pesos', 'DOP ', 'RD$', 0, 1),
(33, 'Dollars', 'XCD', '$', 0, 1),
(34, 'Pounds', 'EGP', '£', 0, 1),
(35, 'Colones', 'SVC', '$', 0, 0),
(36, 'Pounds', 'FKP', '£', 0, 1),
(37, 'Dollars', 'FJD', '$', 0, 1),
(38, 'Cedis', 'GHC', '¢', 0, 0),
(39, 'Pounds', 'GIP', '£', 0, 1),
(40, 'Quetzales', 'GTQ', 'Q', 0, 1),
(41, 'Pounds', 'GGP', '£', 0, 0),
(42, 'Dollars', 'GYD', '$', 0, 1),
(43, 'Lempiras', 'HNL', 'L', 0, 1),
(44, 'Dollars', 'HKD', '$', 1, 1),
(45, 'Forint', 'HUF', 'Ft', 1, 1),
(46, 'Kronur', 'ISK', 'kr', 0, 1),
(47, 'Rupees', 'INR', 'Rp', 1, 1),
(48, 'Rupiahs', 'IDR', 'Rp', 0, 1),
(49, 'Rials', 'IRR', '﷼', 0, 0),
(50, 'Pounds', 'IMP', '£', 0, 0),
(51, 'New Shekels', 'ILS', '₪', 1, 1),
(52, 'Dollars', 'JMD', 'J$', 0, 1),
(53, 'Yen', 'JPY', '¥', 1, 1),
(54, 'Pounds', 'JEP', '£', 0, 0),
(55, 'Tenge', 'KZT', 'лв', 0, 1),
(56, 'Won', 'KPW', '₩', 0, 0),
(57, 'Won', 'KRW', '₩', 0, 1),
(58, 'Soms', 'KGS', 'лв', 0, 1),
(59, 'Kips', 'LAK', '₭', 0, 1),
(60, 'Lati', 'LVL', 'Ls', 0, 0),
(61, 'Pounds', 'LBP', '£', 0, 1),
(62, 'Dollars', 'LRD', '$', 0, 1),
(63, 'Switzerland Francs', 'CHF', 'CHF', 1, 1),
(64, 'Litai', 'LTL', 'Lt', 0, 0),
(65, 'Denars', 'MKD', 'ден', 0, 1),
(66, 'Ringgits', 'MYR', 'RM', 1, 1),
(67, 'Rupees', 'MUR', '₨', 0, 1),
(68, 'Pesos', 'MXN', '$', 1, 1),
(69, 'Tugriks', 'MNT', '₮', 0, 1),
(70, 'Meticais', 'MZN', 'MT', 0, 1),
(71, 'Dollars', 'NAD', '$', 0, 1),
(72, 'Rupees', 'NPR', '₨', 0, 1),
(73, 'Guilders', 'ANG', 'ƒ', 0, 1),
(74, 'Dollars', 'NZD', '$', 1, 1),
(75, 'Cordobas', 'NIO', 'C$', 0, 1),
(76, 'Nairas', 'NGN', '₦', 0, 1),
(77, 'Krone', 'NOK', 'kr', 1, 1),
(78, 'Rials', 'OMR', '﷼', 0, 0),
(79, 'Rupees', 'PKR', '₨', 0, 1),
(80, 'Balboa', 'PAB', 'B/.', 0, 1),
(81, 'Guarani', 'PYG', 'Gs', 0, 1),
(82, 'Nuevos Soles', 'PEN', 'S/.', 0, 1),
(83, 'Pesos', 'PHP', 'Php', 1, 1),
(84, 'Zlotych', 'PLN', 'zł', 1, 1),
(85, 'Rials', 'QAR', '﷼', 0, 1),
(86, 'New Lei', 'RON', 'lei', 0, 1),
(87, 'Rubles', 'RUB', 'руб', 1, 1),
(88, 'Pounds', 'SHP', '£', 0, 1),
(89, 'Riyals', 'SAR', '﷼', 0, 1),
(90, 'Dinars', 'RSD', 'Дин.', 0, 1),
(91, 'Rupees', 'SCR', '₨', 0, 1),
(92, 'Dollars', 'SGD', '$', 1, 1),
(93, 'Dollars', 'SBD', '$', 0, 1),
(94, 'Shillings', 'SOS', 'S', 0, 1),
(95, 'Rand', 'ZAR', 'R', 0, 1),
(96, 'Rupees', 'LKR', '₨', 0, 1),
(97, 'Kronor', 'SEK', 'kr', 1, 1),
(98, 'Dollars', 'SRD', '$', 0, 1),
(99, 'Pounds', 'SYP', '£', 0, 0),
(100, 'New Dollars', 'TWD', 'NT$', 1, 1),
(101, 'Baht', 'THB', '฿', 1, 1),
(102, 'Dollars', 'TTD', 'TT$', 0, 1),
(103, 'Lira', 'TRY', 'TL', 0, 1),
(104, 'Liras', 'TRL', '£', 0, 0),
(105, 'Dollars', 'TVD', '$', 0, 0),
(106, 'Hryvnia', 'UAH', '₴', 0, 1),
(107, 'Pesos', 'UYU', '$U', 0, 1),
(108, 'Sums', 'UZS', 'лв', 0, 1),
(109, 'Bolivares Fuertes', 'VEF', 'Bs', 0, 0),
(110, 'Dong', 'VND', '₫', 0, 1),
(111, 'Rials', 'YER', '﷼', 0, 1),
(112, 'Zimbabwe Dollars', 'ZWD', 'Z$', 0, 0);

-- --------------------------------------------------------

--
-- Table structure for table `enrol`
--

CREATE TABLE `enrol` (
  `id` int(11) UNSIGNED NOT NULL,
  `user_id` int(11) DEFAULT NULL,
  `course_id` int(11) DEFAULT NULL,
  `date_added` int(11) DEFAULT NULL,
  `last_modified` int(11) DEFAULT NULL
) ENGINE=InnoDB DEFAULT CHARSET=utf8 COLLATE=utf8_unicode_ci;

--
-- Dumping data for table `enrol`
--

INSERT INTO `enrol` (`id`, `user_id`, `course_id`, `date_added`, `last_modified`) VALUES
(8, 2, 3, 1625781600, NULL),
(9, 2, 1, 1625781600, NULL),
(10, 3, 3, 1626040800, NULL),
(11, 3, 1, 1626040800, NULL);

-- --------------------------------------------------------

--
-- Table structure for table `frontend_settings`
--

CREATE TABLE `frontend_settings` (
  `id` int(11) UNSIGNED NOT NULL,
  `key` varchar(255) COLLATE utf8_unicode_ci DEFAULT NULL,
  `value` longtext COLLATE utf8_unicode_ci DEFAULT NULL
) ENGINE=InnoDB DEFAULT CHARSET=utf8 COLLATE=utf8_unicode_ci;

--
-- Dumping data for table `frontend_settings`
--

INSERT INTO `frontend_settings` (`id`, `key`, `value`) VALUES
(1, 'banner_title', 'Study anywhere, anytime'),
(2, 'banner_sub_title', 'As long as you have internet and needs, to learn!'),
(4, 'about_us', '<p></p><h2><span xss=\"removed\">This is about us</span></h2><p><span xss=\"removed\">Welcome to Online Schlool. </span></p><p><span xss=\"removed\">They are products that connect with the most knowledgeable moment and students who want to learn, empower themselves.</span></p><p><span xss=\"removed\">Dongdok Village, Xaythany District, Vientiane Capital</span></p><p><span xss=\"removed\">Phone +856 02091826096</span></p><p>Email nousainther@gmail.com</p><p> <a href=\"https://www.facebook.com/nousua.sainther\" target=\"_blank\" xss=removed>Facebook</a> <a href=\"https://www.facebook.com/nousua.sainther\" target=\"_blank\" xss=removed>Whatapp</a> <a href=\"https://www.facebook.com/nousua.sainther\" target=\"_blank\" xss=removed>Youtube</a></p><p><br><br></p>'),
(10, 'terms_and_condition', '<h2>Terms and Condition</h2><h3><span xss=\"removed\">At present, we have a policy to use the system as follows:</span></h3><h4><h5><ol><li><span xss=\"removed\">After the registration is complete, have everyone fill in your personal information in the settings menu in your Dashboard as an important contact information in the transfer.</span></li><li><span xss=\"removed\">The system will allow anyone who wants to learn to register as a student or teacher, then the system will be approved to be able to attend and use the system.</span></li><li><span xss=\"removed\">Students who have completed a fee-based course can contact our company by phone to request a certificate of completion of the course. We have a review so that students can achieve our expectations and can then issue a certificate of completion of the course.</span></li><li><span xss=\"removed\">Teachers who create courses in the system will receive a policy of 90% of the total income they earn (until 31/12/2021, then the company will periodically review the policy) with a request to withdraw in their account as needed, but the remaining 50 million. 10% will be deducted by the company to maintain and develop the system to be more modern step by step.</span></li><li><span xss=\"removed\">Teachers must publish socially useful lessons, videos or lessons that are obscene, teachers who violate political policies, rules and regulations will not be published and will not be able to block content from being released to society.</span></li></ol></h5></h4>'),
(11, 'privacy_policy', '<p></p><p></p><h2><span xss=\"removed\">Privacy Policy</span><br></h2><div><br></div><h5><span xss=removed>Requirements for using the system must be someone who has a valid email, phone number and other personal information that is truly identical:<br></span><span xss=removed>1. You can register for the course as a free course, free of charge, just click on the order of all forms with a fee of 0 LAK, then we will open the system for you to use.<br></span><span xss=removed>2. You can order courses with cost by transferring course fees through the account or One Pay that we have set and notify in writing to the Admin number on 02091826096 and we will check the details of your transfer and will be open to the course you have ordered.<br></span><span xss=removed>3. After you have agreed to purchase a paid course, we will not consider transferring money back in case you do not want to take the course you have already agreed to purchase.</span></h5>'),
(13, 'theme', 'default'),
(14, 'cookie_note', 'This website uses cookies to personalize content and analyse traffic in order to offer you a better experience.'),
(15, 'cookie_status', 'active'),
(16, 'cookie_policy', '<h1>Cookie policy</h1><ol><li>Cookies are small text files that can be used by websites to make a user\'s experience more efficient.</li><li>The law states that we can store cookies on your device if they are strictly necessary for the operation of this site. For all other types of cookies we need your permission.</li><li>This site uses different types of cookies. Some cookies are placed by third party services that appear on our pages.</li></ol>'),
(17, 'banner_image', '49ebb9cc9e4930ee1181a431eca55451.jpg'),
(18, 'light_logo', 'cb5e196860cba6bafaa9a802815f252d.png'),
(19, 'dark_logo', '596f13d0466c69130d1cf0951e189df3.png'),
(20, 'small_logo', '7508c12200be2eb3f9f16a97aac23a44.png'),
(21, 'favicon', '4e9d7d5a35b549de5c77c639a77b08a8.png'),
(22, 'recaptcha_status', '0'),
(23, 'recaptcha_secretkey', 'recaptcha-secretkey'),
(24, 'recaptcha_sitekey', 'recaptcha-sitekey');

-- --------------------------------------------------------

--
-- Table structure for table `language`
--

CREATE TABLE `language` (
  `phrase_id` int(11) NOT NULL,
  `phrase` longtext COLLATE utf8_unicode_ci DEFAULT NULL,
  `english` longtext COLLATE utf8_unicode_ci DEFAULT NULL,
  `Bengali` longtext COLLATE utf8_unicode_ci DEFAULT NULL
) ENGINE=MyISAM DEFAULT CHARSET=utf8 COLLATE=utf8_unicode_ci;

--
-- Dumping data for table `language`
--

INSERT INTO `language` (`phrase_id`, `phrase`, `english`, `Bengali`) VALUES
(1, 'manage_profile', NULL, NULL),
(3, 'dashboard', NULL, NULL),
(4, 'categories', NULL, NULL),
(5, 'courses', NULL, NULL),
(6, 'students', NULL, NULL),
(7, 'enroll_history', NULL, NULL),
(8, 'message', NULL, NULL),
(9, 'settings', NULL, NULL),
(10, 'system_settings', NULL, NULL),
(11, 'frontend_settings', NULL, NULL),
(12, 'payment_settings', NULL, NULL),
(13, 'manage_language', NULL, NULL),
(14, 'edit_profile', NULL, NULL),
(15, 'log_out', NULL, NULL),
(16, 'first_name', NULL, NULL),
(17, 'last_name', NULL, NULL),
(18, 'email', NULL, NULL),
(19, 'facebook_link', NULL, NULL),
(20, 'twitter_link', NULL, NULL),
(21, 'linkedin_link', NULL, NULL),
(22, 'a_short_title_about_yourself', NULL, NULL),
(23, 'biography', NULL, NULL),
(24, 'photo', NULL, NULL),
(25, 'select_image', NULL, NULL),
(26, 'change', NULL, NULL),
(27, 'remove', NULL, NULL),
(28, 'update_profile', NULL, NULL),
(29, 'change_password', NULL, NULL),
(30, 'current_password', NULL, NULL),
(31, 'new_password', NULL, NULL),
(32, 'confirm_new_password', NULL, NULL),
(33, 'delete', NULL, NULL),
(34, 'cancel', NULL, NULL),
(35, 'are_you_sure_to_update_this_information', NULL, NULL),
(36, 'yes', NULL, NULL),
(37, 'no', NULL, NULL),
(38, 'system settings', NULL, NULL),
(39, 'system_name', NULL, NULL),
(40, 'system_title', NULL, NULL),
(41, 'slogan', NULL, NULL),
(42, 'system_email', NULL, NULL),
(43, 'address', NULL, NULL),
(44, 'phone', NULL, NULL),
(45, 'youtube_api_key', NULL, NULL),
(46, 'get_youtube_api_key', NULL, NULL),
(47, 'vimeo_api_key', NULL, NULL),
(48, 'purchase_code', NULL, NULL),
(49, 'language', NULL, NULL),
(50, 'text-align', NULL, NULL),
(51, 'update_system_settings', NULL, NULL),
(52, 'update_product', NULL, NULL),
(53, 'file', NULL, NULL),
(54, 'install_update', NULL, NULL),
(55, 'system_logo', NULL, NULL),
(56, 'update_logo', NULL, NULL),
(57, 'get_vimeo_api_key', NULL, NULL),
(58, 'add_category', NULL, NULL),
(59, 'category_title', NULL, NULL),
(60, 'sub_categories', NULL, NULL),
(61, 'actions', NULL, NULL),
(62, 'action', NULL, NULL),
(63, 'manage_sub_categories', NULL, NULL),
(64, 'edit', NULL, NULL),
(65, 'add_course', NULL, NULL),
(66, 'select_category', NULL, NULL),
(67, 'title', NULL, NULL),
(68, 'category', NULL, NULL),
(69, '#_section', NULL, NULL),
(70, '#_lesson', NULL, NULL),
(71, '#_enrolled_user', NULL, NULL),
(72, 'view_course_details', NULL, NULL),
(73, 'manage_section', NULL, NULL),
(74, 'manage_lesson', NULL, NULL),
(75, 'student', NULL, NULL),
(76, 'add_student', NULL, NULL),
(77, 'name', NULL, NULL),
(78, 'date_added', NULL, NULL),
(79, 'enrolled_courses', NULL, NULL),
(80, 'view_profile', NULL, NULL),
(81, 'admin_dashboard', NULL, NULL),
(82, 'total_courses', NULL, NULL),
(83, 'number_of_courses', NULL, NULL),
(84, 'total_lessons', NULL, NULL),
(85, 'number_of_lessons', NULL, NULL),
(86, 'total_enrollment', NULL, NULL),
(87, 'number_of_enrollment', NULL, NULL),
(88, 'total_student', NULL, NULL),
(89, 'number_of_student', NULL, NULL),
(90, 'manage_sections', NULL, NULL),
(91, 'manage sections', NULL, NULL),
(92, 'course', NULL, NULL),
(93, 'add_section', NULL, NULL),
(94, 'lessons', NULL, NULL),
(95, 'serialize_sections', NULL, NULL),
(96, 'add_lesson', NULL, NULL),
(97, 'edit_section', NULL, NULL),
(98, 'delete_section', NULL, NULL),
(99, 'course_details', NULL, NULL),
(100, 'course details', NULL, NULL),
(101, 'details', NULL, NULL),
(102, 'instructor', NULL, NULL),
(103, 'sub_category', NULL, NULL),
(104, 'enrolled_user', NULL, NULL),
(105, 'last_modified', NULL, NULL),
(106, 'manage language', NULL, NULL),
(107, 'language_list', NULL, NULL),
(108, 'add_phrase', NULL, NULL),
(109, 'add_language', NULL, NULL),
(110, 'option', NULL, NULL),
(111, 'edit_phrase', NULL, NULL),
(112, 'delete_language', NULL, NULL),
(113, 'phrase', NULL, NULL),
(114, 'value_required', NULL, NULL),
(115, 'frontend settings', NULL, NULL),
(116, 'banner_title', NULL, NULL),
(117, 'banner_sub_title', NULL, NULL),
(118, 'about_us', NULL, NULL),
(119, 'blog', NULL, NULL),
(120, 'update_frontend_settings', NULL, NULL),
(121, 'update_banner', NULL, NULL),
(122, 'banner_image', NULL, NULL),
(123, 'update_banner_image', NULL, NULL),
(124, 'payment settings', NULL, NULL),
(125, 'paypal_settings', NULL, NULL),
(126, 'client_id', NULL, NULL),
(127, 'sandbox', NULL, NULL),
(128, 'production', NULL, NULL),
(129, 'active', NULL, NULL),
(130, 'mode', NULL, NULL),
(131, 'stripe_settings', NULL, NULL),
(132, 'testmode', NULL, NULL),
(133, 'on', NULL, NULL),
(134, 'off', NULL, NULL),
(135, 'test_secret_key', NULL, NULL),
(136, 'test_public_key', NULL, NULL),
(137, 'live_secret_key', NULL, NULL),
(138, 'live_public_key', NULL, NULL),
(139, 'save_changes', NULL, NULL),
(140, 'category_code', NULL, NULL),
(141, 'update_phrase', NULL, NULL),
(142, 'check', NULL, NULL),
(143, 'settings_updated', NULL, NULL),
(144, 'checking', NULL, NULL),
(145, 'phrase_added', NULL, NULL),
(146, 'language_added', NULL, NULL),
(147, 'language_deleted', NULL, NULL),
(148, 'add course', NULL, NULL),
(149, 'add_courses', NULL, NULL),
(150, 'add_course_form', NULL, NULL),
(151, 'basic_info', NULL, NULL),
(152, 'short_description', NULL, NULL),
(153, 'description', NULL, NULL),
(154, 'level', NULL, NULL),
(155, 'beginner', NULL, NULL),
(156, 'advanced', NULL, NULL),
(157, 'intermediate', NULL, NULL),
(158, 'language_made_in', NULL, NULL),
(159, 'is_top_course', NULL, NULL),
(160, 'outcomes', NULL, NULL),
(161, 'category_and_sub_category', NULL, NULL),
(162, 'select_a_category', NULL, NULL),
(163, 'select_a_category_first', NULL, NULL),
(164, 'requirements', NULL, NULL),
(165, 'price_and_discount', NULL, NULL),
(166, 'price', NULL, NULL),
(167, 'has_discount', NULL, NULL),
(168, 'discounted_price', NULL, NULL),
(169, 'course_thumbnail', NULL, NULL),
(170, 'note', NULL, NULL),
(171, 'thumbnail_size_should_be_600_x_600', NULL, NULL),
(172, 'course_overview_url', NULL, NULL),
(173, '0%', NULL, NULL),
(174, 'manage profile', NULL, NULL),
(175, 'edit_course', NULL, NULL),
(176, 'edit course', NULL, NULL),
(177, 'edit_courses', NULL, NULL),
(178, 'edit_course_form', NULL, NULL),
(179, 'update_course', NULL, NULL),
(180, 'course_updated', NULL, NULL),
(181, 'number_of_sections', NULL, NULL),
(182, 'number_of_enrolled_users', NULL, NULL),
(183, 'add section', NULL, NULL),
(184, 'section', NULL, NULL),
(185, 'add_section_form', NULL, NULL),
(186, 'update', NULL, NULL),
(187, 'serialize_section', NULL, NULL),
(188, 'serialize section', NULL, NULL),
(189, 'submit', NULL, NULL),
(190, 'sections_have_been_serialized', NULL, NULL),
(191, 'select_course', NULL, NULL),
(192, 'search', NULL, NULL),
(193, 'thumbnail', NULL, NULL),
(194, 'duration', NULL, NULL),
(195, 'provider', NULL, NULL),
(196, 'add lesson', NULL, NULL),
(197, 'add_lesson_form', NULL, NULL),
(198, 'video_type', NULL, NULL),
(199, 'select_a_course', NULL, NULL),
(200, 'select_a_course_first', NULL, NULL),
(201, 'video_url', NULL, NULL),
(202, 'invalid_url', NULL, NULL),
(203, 'your_video_source_has_to_be_either_youtube_or_vimeo', NULL, NULL),
(204, 'for', NULL, NULL),
(205, 'of', NULL, NULL),
(206, 'edit_lesson', NULL, NULL),
(207, 'edit lesson', NULL, NULL),
(208, 'edit_lesson_form', NULL, NULL),
(209, 'login', NULL, NULL),
(210, 'password', NULL, NULL),
(211, 'forgot_password', NULL, NULL),
(212, 'back_to_website', NULL, NULL),
(213, 'send_mail', NULL, NULL),
(214, 'back_to_login', NULL, NULL),
(215, 'student_add', NULL, NULL),
(216, 'student add', NULL, NULL),
(217, 'add_students', NULL, NULL),
(218, 'student_add_form', NULL, NULL),
(219, 'login_credentials', NULL, NULL),
(220, 'social_information', NULL, NULL),
(221, 'facebook', NULL, NULL),
(222, 'twitter', NULL, NULL),
(223, 'linkedin', NULL, NULL),
(224, 'user_image', NULL, NULL),
(225, 'add_user', NULL, NULL),
(226, 'user_update_successfully', NULL, NULL),
(227, 'user_added_successfully', NULL, NULL),
(228, 'student_edit', NULL, NULL),
(229, 'student edit', NULL, NULL),
(230, 'edit_students', NULL, NULL),
(231, 'student_edit_form', NULL, NULL),
(232, 'update_user', NULL, NULL),
(233, 'enroll history', NULL, NULL),
(234, 'filter', NULL, NULL),
(235, 'user_name', NULL, NULL),
(236, 'enrolled_course', NULL, NULL),
(237, 'enrollment_date', NULL, NULL),
(238, 'biography2', NULL, NULL),
(239, 'home', NULL, NULL),
(240, 'search_for_courses', NULL, NULL),
(241, 'total', NULL, NULL),
(242, 'go_to_cart', NULL, NULL),
(243, 'your_cart_is_empty', NULL, NULL),
(244, 'log_in', NULL, NULL),
(245, 'sign_up', NULL, NULL),
(246, 'what_do_you_want_to_learn', NULL, NULL),
(247, 'online_courses', NULL, NULL),
(248, 'explore_a_variety_of_fresh_topics', NULL, NULL),
(249, 'expert_instruction', NULL, NULL),
(250, 'find_the_right_course_for_you', NULL, NULL),
(251, 'lifetime_access', NULL, NULL),
(252, 'learn_on_your_schedule', NULL, NULL),
(253, 'top_courses', NULL, NULL),
(254, 'last_updater', NULL, NULL),
(255, 'hours', NULL, NULL),
(256, 'add_to_cart', NULL, NULL),
(257, 'top', NULL, NULL),
(258, 'latest_courses', NULL, NULL),
(259, 'added_to_cart', NULL, NULL),
(260, 'admin', NULL, NULL),
(261, 'log_in_to_your_udemy_account', NULL, NULL),
(262, 'by_signing_up_you_agree_to_our', NULL, NULL),
(263, 'terms_of_use', NULL, NULL),
(264, 'and', NULL, NULL),
(265, 'privacy_policy', NULL, NULL),
(266, 'do_not_have_an_account', NULL, NULL),
(267, 'sign_up_and_start_learning', NULL, NULL),
(268, 'check_here_for_exciting_deals_and_personalized_course_recommendations', NULL, NULL),
(269, 'already_have_an_account', NULL, NULL),
(270, 'checkout', NULL, NULL),
(271, 'paypal', NULL, NULL),
(272, 'stripe', NULL, NULL),
(273, 'step', NULL, NULL),
(274, 'how_would_you_rate_this_course_overall', NULL, NULL),
(275, 'write_a_public_review', NULL, NULL),
(276, 'describe_your_experience_what_you_got_out_of_the_course_and_other_helpful_highlights', NULL, NULL),
(277, 'what_did_the_instructor_do_well_and_what_could_use_some_improvement', NULL, NULL),
(278, 'next', NULL, NULL),
(279, 'previous', NULL, NULL),
(280, 'publish', NULL, NULL),
(281, 'search_results', NULL, NULL),
(282, 'ratings', NULL, NULL),
(283, 'search_results_for', NULL, NULL),
(284, 'category_page', NULL, NULL),
(285, 'all', NULL, NULL),
(286, 'category_list', NULL, NULL),
(287, 'by', NULL, NULL),
(288, 'go_to_wishlist', NULL, NULL),
(289, 'hi', NULL, NULL),
(290, 'my_courses', NULL, NULL),
(291, 'my_wishlist', NULL, NULL),
(292, 'my_messages', NULL, NULL),
(293, 'purchase_history', NULL, NULL),
(294, 'user_profile', NULL, NULL),
(295, 'already_purchased', NULL, NULL),
(296, 'all_courses', NULL, NULL),
(297, 'wishlists', NULL, NULL),
(298, 'search_my_courses', NULL, NULL),
(299, 'students_enrolled', NULL, NULL),
(300, 'created_by', NULL, NULL),
(301, 'last_updated', NULL, NULL),
(302, 'what_will_i_learn', NULL, NULL),
(303, 'view_more', NULL, NULL),
(304, 'other_related_courses', NULL, NULL),
(305, 'updated', NULL, NULL),
(306, 'curriculum_for_this_course', NULL, NULL),
(307, 'about_the_instructor', NULL, NULL),
(308, 'reviews', NULL, NULL),
(309, 'student_feedback', NULL, NULL),
(310, 'average_rating', NULL, NULL),
(311, 'preview_this_course', NULL, NULL),
(312, 'includes', NULL, NULL),
(313, 'on_demand_videos', NULL, NULL),
(314, 'full_lifetime_access', NULL, NULL),
(315, 'access_on_mobile_and_tv', NULL, NULL),
(316, 'course_preview', NULL, NULL),
(317, 'instructor_page', NULL, NULL),
(318, 'buy_now', NULL, NULL),
(319, 'shopping_cart', NULL, NULL),
(320, 'courses_in_cart', NULL, NULL),
(321, 'student_name', NULL, NULL),
(322, 'amount_to_pay', NULL, NULL),
(323, 'payment_successfully_done', NULL, NULL),
(324, 'filter_by', NULL, NULL),
(325, 'instructors', NULL, NULL),
(326, 'reset', NULL, NULL),
(327, 'your', NULL, NULL),
(328, 'rating', NULL, NULL),
(329, 'course_detail', NULL, NULL),
(330, 'start_lesson', NULL, NULL),
(331, 'show_full_biography', NULL, NULL),
(332, 'terms_and_condition', NULL, NULL),
(333, 'about', NULL, NULL),
(334, 'terms_&_condition', NULL, NULL),
(335, 'sub categories', NULL, NULL),
(336, 'add_sub_category', NULL, NULL),
(337, 'sub_category_title', NULL, NULL),
(338, 'add sub category', NULL, NULL),
(339, 'add_sub_category_form', NULL, NULL),
(340, 'sub_category_code', NULL, NULL),
(341, 'data_deleted', NULL, NULL),
(342, 'edit_category', NULL, NULL),
(343, 'edit category', NULL, NULL),
(344, 'edit_category_form', NULL, NULL),
(345, 'font', NULL, NULL),
(346, 'awesome class', NULL, NULL),
(347, 'update_category', NULL, NULL),
(348, 'data_updated_successfully', NULL, NULL),
(349, 'edit_sub_category', NULL, NULL),
(350, 'edit sub category', NULL, NULL),
(351, 'sub_category_edit', NULL, NULL),
(352, 'update_sub_category', NULL, NULL),
(353, 'course_added', NULL, NULL),
(354, 'user_deleted_successfully', NULL, NULL),
(355, 'private_messaging', NULL, NULL),
(356, 'private messaging', NULL, NULL),
(357, 'messages', NULL, NULL),
(358, 'select_message_to_read', NULL, NULL),
(359, 'new_message', NULL, NULL),
(360, 'email_duplication', NULL, NULL),
(361, 'your_registration_has_been_successfully_done', NULL, NULL),
(362, 'profile', NULL, NULL),
(363, 'account', NULL, NULL),
(364, 'add_information_about_yourself_to_share_on_your_profile', NULL, NULL),
(365, 'basics', NULL, NULL),
(366, 'add_your_twitter_link', NULL, NULL),
(367, 'add_your_facebook_link', NULL, NULL),
(368, 'add_your_linkedin_link', NULL, NULL),
(369, 'credentials', NULL, NULL),
(370, 'edit_your_account_settings', NULL, NULL),
(371, 'enter_current_password', NULL, NULL),
(372, 'enter_new_password', NULL, NULL),
(373, 're-type_your_password', NULL, NULL),
(374, 'save', NULL, NULL),
(375, 'update_user_photo', NULL, NULL),
(376, 'update_your_photo', NULL, NULL),
(377, 'upload_image', NULL, NULL),
(378, 'updated_successfully', NULL, NULL),
(379, 'invalid_login_credentials', NULL, NULL),
(380, 'blank_page', NULL, NULL),
(381, 'no_section_found', NULL, NULL),
(382, 'select_a_message_thread_to_read_it_here', NULL, NULL),
(383, 'send', NULL, NULL),
(384, 'type_your_message', NULL, NULL),
(385, 'date', NULL, NULL),
(386, 'total_price', NULL, NULL),
(387, 'payment_type', NULL, NULL),
(388, 'edit section', NULL, NULL),
(389, 'edit_section_form', NULL, NULL),
(390, 'reply_message', NULL, NULL),
(391, 'reply', NULL, NULL),
(392, 'log_in_to_your_account', NULL, NULL),
(393, 'no_result_found', NULL, NULL),
(394, 'enrollment', NULL, NULL),
(395, 'enroll_a_student', NULL, NULL),
(396, 'report', NULL, NULL),
(397, 'admin_revenue', NULL, NULL),
(398, 'instructor_revenue', NULL, NULL),
(399, 'instructor_settings', NULL, NULL),
(400, 'view_frontend', NULL, NULL),
(401, 'number_of_active_courses', NULL, NULL),
(402, 'number_of_pending_courses', NULL, NULL),
(403, 'all_instructor', NULL, NULL),
(404, 'active_courses', NULL, NULL),
(405, 'pending_courses', NULL, NULL),
(406, 'no_data_found', NULL, NULL),
(407, 'view_course_on_frontend', NULL, NULL),
(408, 'mark_as_pending', NULL, NULL),
(409, 'add category', NULL, NULL),
(410, 'add_categories', NULL, NULL),
(411, 'category_add_form', NULL, NULL),
(412, 'icon_picker', NULL, NULL),
(413, 'enroll a student', NULL, NULL),
(414, 'enrollment_form', NULL, NULL),
(415, 'admin revenue', NULL, NULL),
(416, 'total_amount', NULL, NULL),
(417, 'instructor revenue', NULL, NULL),
(418, 'status', NULL, NULL),
(419, 'instructor settings', NULL, NULL),
(420, 'allow_public_instructor', NULL, NULL),
(421, 'instructor_revenue_percentage', NULL, NULL),
(422, 'admin_revenue_percentage', NULL, NULL),
(423, 'update_instructor_settings', NULL, NULL),
(424, 'payment_info', NULL, NULL),
(425, 'required_for_instructors', NULL, NULL),
(426, 'paypal_client_id', NULL, NULL),
(427, 'stripe_public_key', NULL, NULL),
(428, 'stripe_secret_key', NULL, NULL),
(429, 'mark_as_active', NULL, NULL),
(430, 'mail_subject', NULL, NULL),
(431, 'mail_body', NULL, NULL),
(432, 'paid', NULL, NULL),
(433, 'pending', NULL, NULL),
(434, 'this_instructor_has_not_provided_valid_paypal_client_id', NULL, NULL),
(435, 'pay_with_paypal', NULL, NULL),
(436, 'this_instructor_has_not_provided_valid_public_key_or_secret_key', NULL, NULL),
(437, 'pay_with_stripe', NULL, NULL),
(438, 'create_course', NULL, NULL),
(439, 'payment_report', NULL, NULL),
(440, 'instructor_dashboard', NULL, NULL),
(441, 'draft', NULL, NULL),
(442, 'view_lessons', NULL, NULL),
(443, 'course_title', NULL, NULL),
(444, 'update_your_payment_settings', NULL, NULL),
(445, 'edit_course_detail', NULL, NULL),
(446, 'edit_basic_informations', NULL, NULL),
(447, 'publish_this_course', NULL, NULL),
(448, 'save_to_draft', NULL, NULL),
(449, 'update_section', NULL, NULL),
(450, 'analyzing_given_url', NULL, NULL),
(451, 'select_a_section', NULL, NULL),
(452, 'update_lesson', NULL, NULL),
(453, 'website_name', NULL, NULL),
(454, 'website_title', NULL, NULL),
(455, 'website_keywords', NULL, NULL),
(456, 'website_description', NULL, NULL),
(457, 'author', NULL, NULL),
(458, 'footer_text', NULL, NULL),
(459, 'footer_link', NULL, NULL),
(460, 'update_backend_logo', NULL, NULL),
(461, 'update_favicon', NULL, NULL),
(462, 'favicon', NULL, NULL),
(463, 'active courses', NULL, NULL),
(464, 'product_updated_successfully', NULL, NULL),
(465, 'course_overview_provider', NULL, NULL),
(466, 'youtube', NULL, NULL),
(467, 'vimeo', NULL, NULL),
(468, 'html5', NULL, NULL),
(469, 'meta_keywords', NULL, NULL),
(470, 'meta_description', NULL, NULL),
(471, 'lesson_type', NULL, NULL),
(472, 'video', NULL, NULL),
(473, 'select_type_of_lesson', NULL, NULL),
(474, 'text_file', NULL, NULL),
(475, 'pdf_file', NULL, NULL),
(476, 'document_file', NULL, NULL),
(477, 'image_file', NULL, NULL),
(478, 'lesson_provider', NULL, NULL),
(479, 'select_lesson_provider', NULL, NULL),
(480, 'analyzing_the_url', NULL, NULL),
(481, 'attachment', NULL, NULL),
(482, 'summary', NULL, NULL),
(483, 'download', NULL, NULL),
(484, 'system_settings_updated', NULL, NULL),
(485, 'course_updated_successfully', NULL, NULL),
(486, 'please_wait_untill_admin_approves_it', NULL, NULL),
(487, 'pending courses', NULL, NULL),
(488, 'course_status_updated', NULL, NULL),
(489, 'smtp_settings', NULL, NULL),
(490, 'free_course', NULL, NULL),
(491, 'free', NULL, NULL),
(492, 'get_enrolled', NULL, NULL),
(493, 'course_added_successfully', NULL, NULL),
(494, 'update_frontend_logo', NULL, NULL),
(495, 'system_currency_settings', NULL, NULL),
(496, 'select_system_currency', NULL, NULL),
(497, 'currency_position', NULL, NULL),
(498, 'left', NULL, NULL),
(499, 'right', NULL, NULL),
(500, 'left_with_a_space', NULL, NULL),
(501, 'right_with_a_space', NULL, NULL),
(502, 'paypal_currency', NULL, NULL),
(503, 'select_paypal_currency', NULL, NULL),
(504, 'stripe_currency', NULL, NULL),
(505, 'select_stripe_currency', NULL, NULL),
(506, 'heads_up', NULL, NULL),
(507, 'please_make_sure_that', NULL, NULL),
(508, 'system_currency', NULL, NULL),
(509, 'are_same', NULL, NULL),
(510, 'smtp settings', NULL, NULL),
(511, 'protocol', NULL, NULL),
(512, 'smtp_host', NULL, NULL),
(513, 'smtp_port', NULL, NULL),
(514, 'smtp_user', NULL, NULL),
(515, 'smtp_pass', NULL, NULL),
(516, 'update_smtp_settings', NULL, NULL),
(517, 'phrase_updated', NULL, NULL),
(518, 'registered_user', NULL, NULL),
(519, 'provide_your_valid_login_credentials', NULL, NULL),
(520, 'registration_form', NULL, NULL),
(521, 'provide_your_email_address_to_get_password', NULL, NULL),
(522, 'reset_password', NULL, NULL),
(523, 'want_to_go_back', NULL, NULL),
(524, 'message_sent!', NULL, NULL),
(525, 'selected_icon', NULL, NULL),
(526, 'pick_another_icon_picker', NULL, NULL),
(527, 'show_more', NULL, NULL),
(528, 'show_less', NULL, NULL),
(529, 'all_category', NULL, NULL),
(530, 'price_range', NULL, NULL),
(531, 'price_range_withing', NULL, NULL),
(532, 'all_categories', NULL, NULL),
(533, 'all_sub_category', NULL, NULL),
(534, 'number_of_results', NULL, NULL),
(535, 'showing_on_this_page', NULL, NULL),
(536, 'welcome', NULL, NULL),
(537, 'my_account', NULL, NULL),
(538, 'logout', NULL, NULL),
(539, 'visit_website', NULL, NULL),
(540, 'navigation', NULL, NULL),
(541, 'add_new_category', NULL, NULL),
(542, 'enrolment', NULL, NULL),
(543, 'enrol_history', NULL, NULL),
(544, 'enrol_a_student', NULL, NULL),
(545, 'language_settings', NULL, NULL),
(546, 'congratulations', NULL, NULL),
(547, 'oh_snap', NULL, NULL),
(548, 'close', NULL, NULL),
(549, 'parent', NULL, NULL),
(550, 'none', NULL, NULL),
(551, 'category_thumbnail', NULL, NULL),
(552, 'the_image_size_should_be', NULL, NULL),
(553, 'choose_thumbnail', NULL, NULL),
(554, 'data_added_successfully', NULL, NULL),
(555, '', NULL, NULL),
(556, 'update_category_form', NULL, NULL),
(557, 'student_list', NULL, NULL),
(558, 'choose_user_image', NULL, NULL),
(559, 'finish', NULL, NULL),
(560, 'thank_you', NULL, NULL),
(561, 'you_are_almost_there', NULL, NULL),
(562, 'you_are_just_one_click_away', NULL, NULL),
(563, 'country', NULL, NULL),
(564, 'website_settings', NULL, NULL),
(565, 'write_down_facebook_url', NULL, NULL),
(566, 'write_down_twitter_url', NULL, NULL),
(567, 'write_down_linkedin_url', NULL, NULL),
(568, 'google_link', NULL, NULL),
(569, 'write_down_google_url', NULL, NULL),
(570, 'instagram_link', NULL, NULL),
(571, 'write_down_instagram_url', NULL, NULL),
(572, 'pinterest_link', NULL, NULL),
(573, 'write_down_pinterest_url', NULL, NULL),
(574, 'update_settings', NULL, NULL),
(575, 'upload_banner_image', NULL, NULL),
(576, 'update_light_logo', NULL, NULL),
(577, 'upload_light_logo', NULL, NULL),
(578, 'update_dark_logo', NULL, NULL),
(579, 'upload_dark_logo', NULL, NULL),
(580, 'update_small_logo', NULL, NULL),
(581, 'upload_small_logo', NULL, NULL),
(582, 'upload_favicon', NULL, NULL),
(583, 'logo_updated', NULL, NULL),
(584, 'favicon_updated', NULL, NULL),
(585, 'banner_image_update', NULL, NULL),
(586, 'frontend_settings_updated', NULL, NULL),
(587, 'setup_payment_informations', NULL, NULL),
(588, 'update_system_currency', NULL, NULL),
(589, 'setup_paypal_settings', NULL, NULL),
(590, 'update_paypal_keys', NULL, NULL),
(591, 'setup_stripe_settings', NULL, NULL),
(592, 'test_mode', NULL, NULL),
(593, 'update_stripe_keys', NULL, NULL);

-- --------------------------------------------------------

--
-- Table structure for table `lesson`
--

CREATE TABLE `lesson` (
  `id` int(11) UNSIGNED NOT NULL,
  `title` varchar(255) COLLATE utf8_unicode_ci DEFAULT NULL,
  `duration` varchar(255) COLLATE utf8_unicode_ci DEFAULT NULL,
  `course_id` int(11) DEFAULT NULL,
  `section_id` int(11) DEFAULT NULL,
  `video_type` varchar(255) COLLATE utf8_unicode_ci DEFAULT NULL,
  `video_url` varchar(255) COLLATE utf8_unicode_ci DEFAULT NULL,
  `date_added` int(11) DEFAULT NULL,
  `last_modified` int(11) DEFAULT NULL,
  `lesson_type` varchar(255) COLLATE utf8_unicode_ci DEFAULT NULL,
  `attachment` longtext COLLATE utf8_unicode_ci DEFAULT NULL,
  `attachment_type` varchar(255) COLLATE utf8_unicode_ci DEFAULT NULL,
  `summary` longtext COLLATE utf8_unicode_ci DEFAULT NULL,
  `order` int(11) NOT NULL DEFAULT 0,
  `video_type_for_mobile_application` varchar(255) COLLATE utf8_unicode_ci DEFAULT NULL,
  `video_url_for_mobile_application` varchar(255) COLLATE utf8_unicode_ci DEFAULT NULL,
  `duration_for_mobile_application` varchar(255) COLLATE utf8_unicode_ci DEFAULT NULL
) ENGINE=InnoDB DEFAULT CHARSET=utf8 COLLATE=utf8_unicode_ci;

--
-- Dumping data for table `lesson`
--

INSERT INTO `lesson` (`id`, `title`, `duration`, `course_id`, `section_id`, `video_type`, `video_url`, `date_added`, `last_modified`, `lesson_type`, `attachment`, `attachment_type`, `summary`, `order`, `video_type_for_mobile_application`, `video_url_for_mobile_application`, `duration_for_mobile_application`) VALUES
(1, 'wertwe', '00:06:55', 1, 1, 'YouTube', 'https://youtu.be/6srULiW1LaU', 1625695200, NULL, 'video', NULL, 'url', 'sdafsdf', 0, 'html5', 'https://youtu.be/6srULiW1LaU', '00:06:55'),
(2, 'sdgsdfg', '00:04:23', 2, 2, 'YouTube', 'https://youtu.be/yQpee7EZ7d8', 1625695200, NULL, 'video', NULL, 'url', 'safasd', 0, 'html5', 'https://youtu.be/yQpee7EZ7d8', '00:04:23'),
(3, 'qwerqw', '00:04:23', 3, 3, 'YouTube', 'https://youtu.be/yQpee7EZ7d8', 1625695200, NULL, 'video', NULL, 'url', 'dsafsdf', 0, 'html5', 'https://youtu.be/yQpee7EZ7d8', '00:04:23');

-- --------------------------------------------------------

--
-- Table structure for table `log`
--

CREATE TABLE `log` (
  `id` int(11) NOT NULL,
  `from` varchar(255) COLLATE utf8_unicode_ci NOT NULL
) ENGINE=MyISAM DEFAULT CHARSET=utf8 COLLATE=utf8_unicode_ci;

-- --------------------------------------------------------

--
-- Table structure for table `message`
--

CREATE TABLE `message` (
  `message_id` int(11) NOT NULL,
  `message_thread_code` longtext DEFAULT NULL,
  `message` longtext DEFAULT NULL,
  `sender` longtext DEFAULT NULL,
  `timestamp` longtext DEFAULT NULL,
  `read_status` int(11) DEFAULT NULL
) ENGINE=MyISAM DEFAULT CHARSET=latin1;

--
-- Dumping data for table `message`
--

INSERT INTO `message` (`message_id`, `message_thread_code`, `message`, `sender`, `timestamp`, `read_status`) VALUES
(1, '525fd76de0f64be', 'hi\r\n', '2', '1625753458', 1),
(2, '525fd76de0f64be', 'what do you think', '2', '1625753470', 1),
(3, '525fd76de0f64be', 'hi', '1', '1625754069', NULL),
(4, '0b25d9d3ea8d142', 'hi', '3', '1626061530', 1),
(5, '0b25d9d3ea8d142', 'are you admin', '3', '1626061541', 1),
(6, '0b25d9d3ea8d142', 'yes ', '1', '1626061879', NULL),
(7, '0b25d9d3ea8d142', 'you can', '1', '1626061896', NULL);

-- --------------------------------------------------------

--
-- Table structure for table `message_thread`
--

CREATE TABLE `message_thread` (
  `message_thread_id` int(11) NOT NULL,
  `message_thread_code` longtext COLLATE utf8_unicode_ci DEFAULT NULL,
  `sender` varchar(255) COLLATE utf8_unicode_ci DEFAULT '',
  `receiver` varchar(255) COLLATE utf8_unicode_ci DEFAULT '',
  `last_message_timestamp` longtext COLLATE utf8_unicode_ci DEFAULT NULL
) ENGINE=InnoDB DEFAULT CHARSET=utf8 COLLATE=utf8_unicode_ci;

--
-- Dumping data for table `message_thread`
--

INSERT INTO `message_thread` (`message_thread_id`, `message_thread_code`, `sender`, `receiver`, `last_message_timestamp`) VALUES
(1, '525fd76de0f64be', '2', '1', NULL),
(2, '0b25d9d3ea8d142', '3', '1', NULL);

-- --------------------------------------------------------

--
-- Table structure for table `payment`
--

CREATE TABLE `payment` (
  `id` int(11) UNSIGNED NOT NULL,
  `user_id` int(11) DEFAULT NULL,
  `payment_type` varchar(50) COLLATE utf8_unicode_ci DEFAULT NULL,
  `course_id` int(11) DEFAULT NULL,
  `amount` double DEFAULT NULL,
  `date_added` int(11) DEFAULT NULL,
  `last_modified` int(11) DEFAULT NULL,
  `admin_revenue` varchar(255) COLLATE utf8_unicode_ci DEFAULT NULL,
  `instructor_revenue` varchar(255) COLLATE utf8_unicode_ci DEFAULT NULL,
  `instructor_payment_status` int(11) DEFAULT 0,
  `transaction_id` varchar(255) COLLATE utf8_unicode_ci DEFAULT NULL,
  `session_id` varchar(255) COLLATE utf8_unicode_ci DEFAULT NULL,
  `coupon` varchar(255) COLLATE utf8_unicode_ci DEFAULT NULL
) ENGINE=InnoDB DEFAULT CHARSET=utf8 COLLATE=utf8_unicode_ci;

--
-- Dumping data for table `payment`
--

INSERT INTO `payment` (`id`, `user_id`, `payment_type`, `course_id`, `amount`, `date_added`, `last_modified`, `admin_revenue`, `instructor_revenue`, `instructor_payment_status`, `transaction_id`, `session_id`, `coupon`) VALUES
(1, 2, 'stripe', 1, 27555.2, 1625695200, NULL, '27555.2', '0', 1, 'pi_1JAu42FkVXP5CGuLBNWYNLPg', 'cs_test_a1PLsYgYffn45b3XiIKFb7c9iLNX1XRLEzfcHXUkfafyIZ1AxAz2beZzqL', 'QKXRKQW'),
(2, 2, 'stripe', 2, 346.4, 1625695200, NULL, '103.4', '243', 0, 'pi_1JAuGzFkVXP5CGuLFuY35uXx', 'cs_test_a1yW8exVnYPboOd0b8uhBM79BTmtw8coEZfHobWdvd9ip8BcFCfgCuIrHl', 'QKXRKQW'),
(3, 2, 'stripe', 2, 346.4, 1625695200, NULL, '103.4', '243', 0, 'pi_1JAuXPFkVXP5CGuLb1uWQpkL', 'cs_test_a17DCEvlQFhaSc7QHQT8d5L5Mhz9qSDCgnxnhDEzJgFJaD9Bawn9vIiylZ', 'QKXRKQW'),
(4, 2, 'stripe', 1, 27555.2, 1625695200, NULL, '27555.2', '0', 1, 'pi_1JAuXPFkVXP5CGuLb1uWQpkL', 'cs_test_a17DCEvlQFhaSc7QHQT8d5L5Mhz9qSDCgnxnhDEzJgFJaD9Bawn9vIiylZ', 'QKXRKQW'),
(5, 2, 'stripe', 3, 36276, 1625695200, NULL, '10882', '25394', 0, 'pi_1JAujWFkVXP5CGuL7kuhASsq', 'cs_test_a1NCePRyb2qakUB5VvlyGkxIiY92fI0NLyLq9AbHPFVK2x1jKcDEAIPqhq', 'QKXRKQW'),
(6, 2, 'stripe', 1, 34444, 1625781600, NULL, '34444', '0', 1, 'pi_1JBHjzFkVXP5CGuLQunDVIZg', 'cs_test_a1HkCj9JOPtGIWbKvVqnklYV30ZgNO6yfyP9Ub6A3MZ7NIOufz5DfTOOPB', NULL),
(7, 2, 'stripe', 2, 433, 1625781600, NULL, '129', '304', 0, NULL, NULL, NULL),
(8, 2, 'stripe', 3, 31741.5, 1625781600, NULL, '9521.5', '22220', 0, 'pi_1JBL1qFkVXP5CGuLovCt3UYW', 'cs_test_a1tHRJ48QAVogNe3JlZCpsWNqfz0gTbioZ7NFTfJF9pJLTW2Uql4l3uv8y', 'GFVSLBZ'),
(9, 2, 'stripe', 1, 24110.8, 1625781600, NULL, '24110.8', '0', 1, 'pi_1JBL1qFkVXP5CGuLovCt3UYW', 'cs_test_a1tHRJ48QAVogNe3JlZCpsWNqfz0gTbioZ7NFTfJF9pJLTW2Uql4l3uv8y', 'GFVSLBZ'),
(10, 3, 'stripe', 3, 45345, 1626040800, NULL, '13603', '31742', 0, 'pi_1JCG64FkVXP5CGuL8vLsGsIq', 'cs_test_a1i9QBZRigX3d65tl0Oymmvjyz6uZHAkie8DN4kKNdATH3Ily6KSF63WfB', NULL),
(11, 3, 'stripe', 1, 34444, 1626040800, NULL, '34444', '0', 1, 'pi_1JCG64FkVXP5CGuL8vLsGsIq', 'cs_test_a1i9QBZRigX3d65tl0Oymmvjyz6uZHAkie8DN4kKNdATH3Ily6KSF63WfB', NULL);

-- --------------------------------------------------------

--
-- Table structure for table `payout`
--

CREATE TABLE `payout` (
  `id` int(11) UNSIGNED NOT NULL,
  `user_id` int(11) DEFAULT NULL,
  `payment_type` varchar(255) DEFAULT NULL,
  `amount` double DEFAULT NULL,
  `date_added` int(11) DEFAULT NULL,
  `last_modified` int(11) DEFAULT NULL,
  `status` int(11) DEFAULT 0
) ENGINE=InnoDB DEFAULT CHARSET=utf8;

--
-- Dumping data for table `payout`
--

INSERT INTO `payout` (`id`, `user_id`, `payment_type`, `amount`, `date_added`, `last_modified`, `status`) VALUES
(1, 2, 'stripe', 60, 1625695200, 1625695200, 1),
(2, 2, 'stripe', 100, 1625695200, 1625695200, 1),
(3, 2, 'stripe', 10000, 1625695200, 1625695200, 1),
(4, 2, NULL, 100, 1625781600, NULL, 0);

-- --------------------------------------------------------

--
-- Table structure for table `permissions`
--

CREATE TABLE `permissions` (
  `id` bigint(20) UNSIGNED NOT NULL,
  `admin_id` int(11) DEFAULT NULL,
  `permissions` longtext COLLATE utf8_unicode_ci DEFAULT NULL
) ENGINE=InnoDB DEFAULT CHARSET=utf8 COLLATE=utf8_unicode_ci;

-- --------------------------------------------------------

--
-- Table structure for table `question`
--

CREATE TABLE `question` (
  `id` int(11) UNSIGNED NOT NULL,
  `quiz_id` int(11) DEFAULT NULL,
  `title` longtext COLLATE utf8_unicode_ci DEFAULT NULL,
  `type` varchar(255) COLLATE utf8_unicode_ci DEFAULT NULL,
  `number_of_options` int(11) DEFAULT NULL,
  `options` longtext COLLATE utf8_unicode_ci DEFAULT NULL,
  `correct_answers` longtext COLLATE utf8_unicode_ci DEFAULT NULL,
  `order` int(11) NOT NULL DEFAULT 0
) ENGINE=InnoDB DEFAULT CHARSET=utf8 COLLATE=utf8_unicode_ci;

-- --------------------------------------------------------

--
-- Table structure for table `rating`
--

CREATE TABLE `rating` (
  `id` int(11) UNSIGNED NOT NULL,
  `rating` double DEFAULT NULL,
  `user_id` int(11) DEFAULT NULL,
  `ratable_id` int(11) DEFAULT NULL,
  `ratable_type` varchar(50) COLLATE utf8_unicode_ci DEFAULT NULL,
  `date_added` int(11) DEFAULT NULL,
  `last_modified` int(11) DEFAULT NULL,
  `review` longtext COLLATE utf8_unicode_ci DEFAULT NULL
) ENGINE=InnoDB DEFAULT CHARSET=utf8 COLLATE=utf8_unicode_ci;

--
-- Dumping data for table `rating`
--

INSERT INTO `rating` (`id`, `rating`, `user_id`, `ratable_id`, `ratable_type`, `date_added`, `last_modified`, `review`) VALUES
(1, 5, 2, 1, 'course', 1625781600, NULL, 'zoo kawm lis lawm'),
(2, 5, 2, 2, 'course', 1625781600, NULL, 'zoo heev lis lawm os '),
(3, 3, 2, 3, 'course', 1625781600, NULL, 'zoo kawm lis');

-- --------------------------------------------------------

--
-- Table structure for table `role`
--

CREATE TABLE `role` (
  `id` int(11) UNSIGNED NOT NULL,
  `name` varchar(255) COLLATE utf8_unicode_ci DEFAULT NULL,
  `date_added` int(11) DEFAULT NULL,
  `last_modified` int(11) DEFAULT NULL
) ENGINE=InnoDB DEFAULT CHARSET=utf8 COLLATE=utf8_unicode_ci;

--
-- Dumping data for table `role`
--

INSERT INTO `role` (`id`, `name`, `date_added`, `last_modified`) VALUES
(1, 'Admin', 1234567890, 1234567890),
(2, 'User', 1234567890, 1234567890);

-- --------------------------------------------------------

--
-- Table structure for table `section`
--

CREATE TABLE `section` (
  `id` int(11) NOT NULL,
  `title` varchar(255) COLLATE utf8_unicode_ci DEFAULT NULL,
  `course_id` int(11) DEFAULT NULL,
  `order` int(11) NOT NULL DEFAULT 0
) ENGINE=InnoDB DEFAULT CHARSET=utf8 COLLATE=utf8_unicode_ci;

--
-- Dumping data for table `section`
--

INSERT INTO `section` (`id`, `title`, `course_id`, `order`) VALUES
(1, 'ewrtwert', 1, 0),
(2, 'ssdfgsdf', 2, 0),
(3, 'qwrew', 3, 0);

-- --------------------------------------------------------

--
-- Table structure for table `settings`
--

CREATE TABLE `settings` (
  `id` int(11) UNSIGNED NOT NULL,
  `key` varchar(255) COLLATE utf8_unicode_ci DEFAULT NULL,
  `value` longtext COLLATE utf8_unicode_ci DEFAULT NULL
) ENGINE=InnoDB DEFAULT CHARSET=utf8 COLLATE=utf8_unicode_ci;

--
-- Dumping data for table `settings`
--

INSERT INTO `settings` (`id`, `key`, `value`) VALUES
(1, 'language', 'english'),
(2, 'system_name', 'Online School'),
(3, 'system_title', 'Online School'),
(4, 'system_email', 'nousainther@gmail.com'),
(5, 'address', 'Dongdok Village, Xaythany District, Vientiane Capital'),
(6, 'phone', '+85691826096'),
(7, 'purchase_code', '91826096'),
(8, 'paypal', '[{\"active\":\"1\",\"mode\":\"sandbox\",\"sandbox_client_id\":\"AY_-L6KttfRzyNieXd07urH4vLHIwpeyfj3zNN5ahTBu2A9N0OUgfjE_KB0Z6ibpbivoOH05YLniPYy1\",\"sandbox_secret_key\":\"EEmsBqTfyBPOCUcJQ4YgfqEeh2NVNTHWnf5GONSgE9yTTwv7otDbUKnqk53an2lHnK24zDZfVUcHt2B3\",\"production_client_id\":\"1234\",\"production_secret_key\":\"1234\"}]'),
(9, 'stripe_keys', '[{\"active\":\"1\",\"testmode\":\"on\",\"public_key\":\"pk_test_CAC3cB1mhgkJqXtypYBTGb4f\",\"secret_key\":\"sk_test_iatnshcHhQVRXdygXw3L2Pp2\",\"public_live_key\":\"pk_live_xxxxxxxxxxxxxxxxxxxxxxxx\",\"secret_live_key\":\"sk_live_xxxxxxxxxxxxxxxxxxxxxxxx\"}]'),
(10, 'youtube_api_key', 'AIzaSyBdQPcvR_Qs4bmkyDTrEmhOCtPnKHdPypE'),
(11, 'vimeo_api_key', '5ed28c344e2c6619be779eac4e51b5355422bd85'),
(12, 'slogan', 'Study and Study again by Jack sainther'),
(13, 'text_align', NULL),
(14, 'allow_instructor', '1'),
(15, 'instructor_revenue', '70'),
(16, 'system_currency', 'USD'),
(17, 'paypal_currency', 'USD'),
(18, 'stripe_currency', 'USD'),
(19, 'author', 'Jack Sainther'),
(20, 'currency_position', 'left'),
(21, 'website_description', 'It is a website dedicated to education, and is also a source of new knowledge for students who want to learn on their own and others.'),
(22, 'website_keywords', 'LMS,Learning Management System,Creativeitem,demo,hello,How are you,โรงเรียนออนไลน์,ໂຮງຮຽນອອນໄລ'),
(23, 'footer_text', 'All rights reserved. Designed By jack sainther'),
(24, 'footer_link', 'https://nriavtushlubplogteb.000webhostapp.com/'),
(25, 'protocol', 'smtp'),
(26, 'smtp_host', 'https://nriavtushlubplogteb.000webhostapp.com/'),
(27, 'smtp_port', '404'),
(28, 'smtp_user', 'Jacksainter'),
(29, 'smtp_pass', '252565'),
(30, 'version', '5.0'),
(31, 'student_email_verification', 'disable'),
(32, 'instructor_application_note', 'Fill all the fields carefully and share if you want to share any document with us it will help us to evaluate you as an instructor.');

-- --------------------------------------------------------

--
-- Table structure for table `tag`
--

CREATE TABLE `tag` (
  `id` int(11) UNSIGNED NOT NULL,
  `tag` varchar(255) COLLATE utf8_unicode_ci DEFAULT NULL,
  `tagable_id` int(11) DEFAULT NULL,
  `tagable_type` varchar(255) COLLATE utf8_unicode_ci DEFAULT NULL,
  `date_added` int(11) DEFAULT NULL,
  `last_modified` int(11) DEFAULT NULL
) ENGINE=InnoDB DEFAULT CHARSET=utf8 COLLATE=utf8_unicode_ci;

-- --------------------------------------------------------

--
-- Table structure for table `users`
--

CREATE TABLE `users` (
  `id` int(11) UNSIGNED NOT NULL,
  `first_name` varchar(255) COLLATE utf8_unicode_ci DEFAULT NULL,
  `last_name` varchar(255) COLLATE utf8_unicode_ci DEFAULT NULL,
  `email` varchar(50) COLLATE utf8_unicode_ci DEFAULT NULL,
  `password` varchar(255) COLLATE utf8_unicode_ci DEFAULT NULL,
  `social_links` longtext COLLATE utf8_unicode_ci DEFAULT NULL,
  `biography` longtext COLLATE utf8_unicode_ci DEFAULT NULL,
  `role_id` int(11) DEFAULT NULL,
  `date_added` int(11) DEFAULT NULL,
  `last_modified` int(11) DEFAULT NULL,
  `watch_history` longtext COLLATE utf8_unicode_ci DEFAULT NULL,
  `wishlist` longtext COLLATE utf8_unicode_ci DEFAULT NULL,
  `title` longtext COLLATE utf8_unicode_ci DEFAULT NULL,
  `paypal_keys` longtext COLLATE utf8_unicode_ci DEFAULT NULL,
  `stripe_keys` longtext COLLATE utf8_unicode_ci DEFAULT NULL,
  `verification_code` longtext COLLATE utf8_unicode_ci DEFAULT NULL,
  `status` int(11) DEFAULT NULL,
  `is_instructor` int(11) DEFAULT 0,
  `image` varchar(255) COLLATE utf8_unicode_ci DEFAULT NULL
) ENGINE=InnoDB DEFAULT CHARSET=utf8 COLLATE=utf8_unicode_ci;

--
-- Dumping data for table `users`
--

INSERT INTO `users` (`id`, `first_name`, `last_name`, `email`, `password`, `social_links`, `biography`, `role_id`, `date_added`, `last_modified`, `watch_history`, `wishlist`, `title`, `paypal_keys`, `stripe_keys`, `verification_code`, `status`, `is_instructor`, `image`) VALUES
(1, 'nujsua', 'hawj', 'nousainther@gmail.com', '81f7e16b970a232bfed52ab5195c672a1b44bb26', '{\"facebook\":\"\",\"twitter\":\"\",\"linkedin\":\"\"}', NULL, 1, NULL, NULL, NULL, NULL, NULL, NULL, NULL, NULL, 1, 0, NULL),
(2, 'nas', 'hawj', 'nas@gmail.com', '7017f8ecdf4e05a3182076354b956a699cbe8711', '{\"facebook\":\"\",\"twitter\":\"\",\"linkedin\":\"\"}', NULL, 2, 1625738470, NULL, '[{\"lesson_id\":\"2\",\"progress\":\"1\"},{\"lesson_id\":\"1\",\"progress\":\"1\"}]', '[\"3\",\"1\"]', NULL, '[{\"production_client_id\":\"AY_-L6KttfRzyNieXd07urH4vLHIwpeyfj3zNN5ahTBu2A9N0OUgfjE_KB0Z6ibpbivoOH05YLniPYy1\",\"production_secret_key\":\"EEmsBqTfyBPOCUcJQ4YgfqEeh2NVNTHWnf5GONSgE9yTTwv7otDbUKnqk53an2lHnK24zDZfVUcHt2B3\"}]', '[{\"public_live_key\":\"pk_test_CAC3cB1mhgkJqXtypYBTGb4f\",\"secret_live_key\":\"sk_test_iatnshcHhQVRXdygXw3L2Pp2\"}]', '113814', 1, 1, NULL),
(3, 'pov', 'hawj', 'povthoj@gamil.com', '475bde746e60e5648994e713e834dbbfcf9bc571', '{\"facebook\":\"\",\"twitter\":\"\",\"linkedin\":\"\"}', NULL, 2, 1626061473, NULL, '[]', '[]', NULL, '[{\"production_client_id\":\"\"}]', '[{\"public_live_key\":\"\",\"secret_live_key\":\"\"}]', '123957', 1, 1, NULL);

--
-- Indexes for dumped tables
--

--
-- Indexes for table `addons`
--
ALTER TABLE `addons`
  ADD PRIMARY KEY (`id`);

--
-- Indexes for table `applications`
--
ALTER TABLE `applications`
  ADD PRIMARY KEY (`id`);

--
-- Indexes for table `category`
--
ALTER TABLE `category`
  ADD PRIMARY KEY (`id`);

--
-- Indexes for table `comment`
--
ALTER TABLE `comment`
  ADD PRIMARY KEY (`id`);

--
-- Indexes for table `coupons`
--
ALTER TABLE `coupons`
  ADD PRIMARY KEY (`id`),
  ADD UNIQUE KEY `id` (`id`);

--
-- Indexes for table `course`
--
ALTER TABLE `course`
  ADD PRIMARY KEY (`id`);

--
-- Indexes for table `currency`
--
ALTER TABLE `currency`
  ADD PRIMARY KEY (`id`);

--
-- Indexes for table `enrol`
--
ALTER TABLE `enrol`
  ADD PRIMARY KEY (`id`);

--
-- Indexes for table `frontend_settings`
--
ALTER TABLE `frontend_settings`
  ADD PRIMARY KEY (`id`);

--
-- Indexes for table `language`
--
ALTER TABLE `language`
  ADD PRIMARY KEY (`phrase_id`);

--
-- Indexes for table `lesson`
--
ALTER TABLE `lesson`
  ADD PRIMARY KEY (`id`);

--
-- Indexes for table `message`
--
ALTER TABLE `message`
  ADD PRIMARY KEY (`message_id`);

--
-- Indexes for table `message_thread`
--
ALTER TABLE `message_thread`
  ADD PRIMARY KEY (`message_thread_id`);

--
-- Indexes for table `payment`
--
ALTER TABLE `payment`
  ADD PRIMARY KEY (`id`);

--
-- Indexes for table `payout`
--
ALTER TABLE `payout`
  ADD PRIMARY KEY (`id`);

--
-- Indexes for table `permissions`
--
ALTER TABLE `permissions`
  ADD PRIMARY KEY (`id`),
  ADD UNIQUE KEY `id` (`id`);

--
-- Indexes for table `question`
--
ALTER TABLE `question`
  ADD PRIMARY KEY (`id`);

--
-- Indexes for table `rating`
--
ALTER TABLE `rating`
  ADD PRIMARY KEY (`id`);

--
-- Indexes for table `role`
--
ALTER TABLE `role`
  ADD PRIMARY KEY (`id`);

--
-- Indexes for table `section`
--
ALTER TABLE `section`
  ADD PRIMARY KEY (`id`);

--
-- Indexes for table `settings`
--
ALTER TABLE `settings`
  ADD PRIMARY KEY (`id`);

--
-- Indexes for table `tag`
--
ALTER TABLE `tag`
  ADD PRIMARY KEY (`id`);

--
-- Indexes for table `users`
--
ALTER TABLE `users`
  ADD PRIMARY KEY (`id`);

--
-- AUTO_INCREMENT for dumped tables
--

--
-- AUTO_INCREMENT for table `addons`
--
ALTER TABLE `addons`
  MODIFY `id` int(11) NOT NULL AUTO_INCREMENT;

--
-- AUTO_INCREMENT for table `applications`
--
ALTER TABLE `applications`
  MODIFY `id` int(11) UNSIGNED NOT NULL AUTO_INCREMENT, AUTO_INCREMENT=3;

--
-- AUTO_INCREMENT for table `category`
--
ALTER TABLE `category`
  MODIFY `id` int(11) UNSIGNED NOT NULL AUTO_INCREMENT, AUTO_INCREMENT=26;

--
-- AUTO_INCREMENT for table `comment`
--
ALTER TABLE `comment`
  MODIFY `id` int(11) UNSIGNED NOT NULL AUTO_INCREMENT;

--
-- AUTO_INCREMENT for table `coupons`
--
ALTER TABLE `coupons`
  MODIFY `id` bigint(20) UNSIGNED NOT NULL AUTO_INCREMENT, AUTO_INCREMENT=3;

--
-- AUTO_INCREMENT for table `course`
--
ALTER TABLE `course`
  MODIFY `id` int(11) UNSIGNED NOT NULL AUTO_INCREMENT, AUTO_INCREMENT=5;

--
-- AUTO_INCREMENT for table `currency`
--
ALTER TABLE `currency`
  MODIFY `id` int(11) NOT NULL AUTO_INCREMENT, AUTO_INCREMENT=113;

--
-- AUTO_INCREMENT for table `enrol`
--
ALTER TABLE `enrol`
  MODIFY `id` int(11) UNSIGNED NOT NULL AUTO_INCREMENT, AUTO_INCREMENT=12;

--
-- AUTO_INCREMENT for table `frontend_settings`
--
ALTER TABLE `frontend_settings`
  MODIFY `id` int(11) UNSIGNED NOT NULL AUTO_INCREMENT, AUTO_INCREMENT=25;

--
-- AUTO_INCREMENT for table `language`
--
ALTER TABLE `language`
  MODIFY `phrase_id` int(11) NOT NULL AUTO_INCREMENT, AUTO_INCREMENT=594;

--
-- AUTO_INCREMENT for table `lesson`
--
ALTER TABLE `lesson`
  MODIFY `id` int(11) UNSIGNED NOT NULL AUTO_INCREMENT, AUTO_INCREMENT=4;

--
-- AUTO_INCREMENT for table `message`
--
ALTER TABLE `message`
  MODIFY `message_id` int(11) NOT NULL AUTO_INCREMENT, AUTO_INCREMENT=8;

--
-- AUTO_INCREMENT for table `message_thread`
--
ALTER TABLE `message_thread`
  MODIFY `message_thread_id` int(11) NOT NULL AUTO_INCREMENT, AUTO_INCREMENT=3;

--
-- AUTO_INCREMENT for table `payment`
--
ALTER TABLE `payment`
  MODIFY `id` int(11) UNSIGNED NOT NULL AUTO_INCREMENT, AUTO_INCREMENT=12;

--
-- AUTO_INCREMENT for table `payout`
--
ALTER TABLE `payout`
  MODIFY `id` int(11) UNSIGNED NOT NULL AUTO_INCREMENT, AUTO_INCREMENT=5;

--
-- AUTO_INCREMENT for table `permissions`
--
ALTER TABLE `permissions`
  MODIFY `id` bigint(20) UNSIGNED NOT NULL AUTO_INCREMENT;

--
-- AUTO_INCREMENT for table `question`
--
ALTER TABLE `question`
  MODIFY `id` int(11) UNSIGNED NOT NULL AUTO_INCREMENT;

--
-- AUTO_INCREMENT for table `rating`
--
ALTER TABLE `rating`
  MODIFY `id` int(11) UNSIGNED NOT NULL AUTO_INCREMENT, AUTO_INCREMENT=4;

--
-- AUTO_INCREMENT for table `role`
--
ALTER TABLE `role`
  MODIFY `id` int(11) UNSIGNED NOT NULL AUTO_INCREMENT, AUTO_INCREMENT=3;

--
-- AUTO_INCREMENT for table `section`
--
ALTER TABLE `section`
  MODIFY `id` int(11) NOT NULL AUTO_INCREMENT, AUTO_INCREMENT=4;

--
-- AUTO_INCREMENT for table `settings`
--
ALTER TABLE `settings`
  MODIFY `id` int(11) UNSIGNED NOT NULL AUTO_INCREMENT, AUTO_INCREMENT=33;

--
-- AUTO_INCREMENT for table `tag`
--
ALTER TABLE `tag`
  MODIFY `id` int(11) UNSIGNED NOT NULL AUTO_INCREMENT;

--
-- AUTO_INCREMENT for table `users`
--
ALTER TABLE `users`
  MODIFY `id` int(11) UNSIGNED NOT NULL AUTO_INCREMENT, AUTO_INCREMENT=4;
COMMIT;

/*!40101 SET CHARACTER_SET_CLIENT=@OLD_CHARACTER_SET_CLIENT */;
/*!40101 SET CHARACTER_SET_RESULTS=@OLD_CHARACTER_SET_RESULTS */;
/*!40101 SET COLLATION_CONNECTION=@OLD_COLLATION_CONNECTION */;
